dataset,size_bytes
ACUSIM/Pres_Poisson,2524976
AG-Monien/3elt,39289
AG-Monien/3elt_dual,48523
AG-Monien/3elt_dual,48523
AG-Monien/airfoil1,36274
AG-Monien/airfoil1_dual,44451
AG-Monien/airfoil1_dual,44451
AG-Monien/bfly,274778
AG-Monien/big_dual,139602
AG-Monien/biplane-9,123595
AG-Monien/brack2,643951
AG-Monien/cage,19317
AG-Monien/cca,224709
AG-Monien/ccc,232029
AG-Monien/crack,73480
AG-Monien/crack_dual,97133
AG-Monien/crack_dual,97133
AG-Monien/debr,4362344
AG-Monien/diag,21550
AG-Monien/grid1,12203
AG-Monien/grid1_dual,12129
AG-Monien/grid1_dual,12129
AG-Monien/grid2,25432
AG-Monien/grid2_dual,25661
AG-Monien/grid2_dual,25661
AG-Monien/L-9,104750
AG-Monien/L,15292
AG-Monien/L-9,104750
AG-Monien/netz4504,18313
AG-Monien/netz4504_dual,14096
AG-Monien/netz4504_dual,14096
AG-Monien/se,163377
AG-Monien/shock-9,201028
AG-Monien/stufe-10,129829
AG-Monien/stufe,15473
AG-Monien/stufe-10,129829
AG-Monien/ukerbe1,35152
AG-Monien/ukerbe1_dual,19761
AG-Monien/ukerbe1_dual,19761
AG-Monien/wave,1719192
AG-Monien/whitaker3,73315
AG-Monien/whitaker3_dual,94694
AG-Monien/whitaker3_dual,94694
Alemdar/Alemdar,63574
AMD/G2_circuit,892790
AMD/G3_circuit,9594289
Andrews/Andrews,1205512
Andrianov/ex3sta1,281499
Andrianov/fxm3_6,48726
Andrianov/fxm4_6,184320
Andrianov/ins2,2497207
Andrianov/lp1,1991320
Andrianov/lpl1,323218
Andrianov/mip1,1436483
Andrianov/net100,219605
Andrianov/net125,742384
Andrianov/net150,891399
Andrianov/net25,74473
Andrianov/net4-1,1609002
Andrianov/net50,121949
Andrianov/net75,178912
Andrianov/pattern1,1037730
Andrianov/pf2177,496099
ANSYS/Delor295K,9096387
ANSYS/Delor338K,29860972
ANSYS/Delor64K,2648333
Arenas/celegans_metabolic,13351
Arenas/email,18640
Arenas/jazz,12229
Arenas/PGPgiantcompo,60572
ATandT/onetone1,920081
ATandT/onetone2,612731
ATandT/pre2,27386292
ATandT/twotone,3639493
Averous/epb0,71913
Averous/epb1,721217
Averous/epb2,1179957
Averous/epb3,889042
Bai/af23560,2828997
Bai/bfwa398,16717
Bai/bfwa62,10603
Bai/bfwa782,26114
Bai/bfwb398,12784
Bai/bfwb62,9700
Bai/bfwb782,17943
Bai/bwm2000,19527
Bai/bwm200,10246
Bai/bwm2000,19527
Bai/cdde1,16125
Bai/cdde2,16125
Bai/cdde3,16163
Bai/cdde4,16162
Bai/cdde5,16124
Bai/cdde6,16116
Bai/ck104,17191
Bai/ck400,30589
Bai/ck656,36472
Bai/cryg10000,470441
Bai/cryg2500,121864
Bai/dw1024,38706
Bai/dw2048,38706
Bai/dw256A,15098
Bai/dw256B,15499
Bai/dw4096,100908
Bai/dw8192,100908
Bai/dwa512,15106
Bai/dwb512,15507
Bai/dwg961a,21665
Bai/dwg961b,47646
Bai/lop163,10985
Bai/mhd1280a,385632
Bai/mhd1280b,83553
Bai/mhd3200a,430245
Bai/mhd3200b,76928
Bai/mhd4800a,642808
Bai/mhd4800b,111860
Bai/mhda416,61399
Bai/mhdb416,17676
Bai/odepa400,10959
Bai/odepb400,11529
Bai/olm1000,13514
Bai/olm100,9565
Bai/olm1000,13514
Bai/olm2000,18092
Bai/olm5000,32287
Bai/olm500,11320
Bai/olm5000,32287
Bai/pde225,17083
Bai/pde2961,120609
Bai/pde900,42461
Bai/qc2534,295531
Bai/qc324,26898
Bai/qh1484,30370
Bai/qh768,19855
Bai/qh882,21235
Bai/rbsa480,22613
Bai/rbsb480,22424
Bai/rdb1250,19903
Bai/rdb1250l,19907
Bai/rdb1250l,19907
Bai/rdb200,10786
Bai/rdb200l,10786
Bai/rdb200l,10786
Bai/rdb2048,27811
Bai/rdb2048_noL,27542
Bai/rdb2048_noL,27542
Bai/rdb3200l,37528
Bai/rdb450,12866
Bai/rdb450l,12872
Bai/rdb450l,12872
Bai/rdb5000,54582
Bai/rdb800l,15800
Bai/rdb968,17444
Bai/rw136,10391
Bai/rw496,13527
Bai/rw5151,53661
Bai/tols1090,28947
Bai/tols2000,35338
Bai/tols340,23794
Bai/tols4000,49548
Bai/tols90,22106
Bai/tub1000,26924
Bai/tub100,11159
Bai/tub1000,26924
Barabasi/NotreDame_actors,3766245
Barabasi/NotreDame_www,1218356
Barabasi/NotreDame_yeast,15196
Bates/Chem97Zt,126435
Bates/Chem97ZtZ,26633
Bates/Chem97ZtZ,26633
Bates/sls,8283738
Belcastro/human_gene1,109057065
Belcastro/human_gene2,80494334
Belcastro/mouse_gene,71110140
BenElechi/BenElechi1,54125924
Bindel/ted_AB,1974118
Bindel/ted_AB_unscaled,1860375
Bindel/ted_A,1378246
Bindel/ted_A_unscaled,1279277
Bindel/ted_AB,1974118
Bindel/ted_AB_unscaled,1860375
Bindel/ted_AB_unscaled,1860375
Bindel/ted_A_unscaled,1279277
Bindel/ted_B,190090
Bindel/ted_B_unscaled,191646
Bindel/ted_B_unscaled,191646
Bodendiek/CurlCurl_0,147614
Bodendiek/CurlCurl_1,2527120
Bodendiek/CurlCurl_2,9047538
Bodendiek/CurlCurl_3,14254125
Bodendiek/CurlCurl_4,26404846
Boeing/bcsstk34,29432
Boeing/bcsstk35,5667463
Boeing/bcsstk36,4401087
Boeing/bcsstk37,4403579
Boeing/bcsstk38,1125576
Boeing/bcsstk39,4051970
Boeing/bcsstm34,84091
Boeing/bcsstm35,135639
Boeing/bcsstm36,1114193
Boeing/bcsstm37,107585
Boeing/bcsstm38,56330
Boeing/bcsstm39,211827
Boeing/crystk01,1161900
Boeing/crystk02,3762874
Boeing/crystk03,6884374
Boeing/crystm01,131634
Boeing/crystm02,455172
Boeing/crystm03,819077
Boeing/ct20stif,9583670
Boeing/msc00726,34648
Boeing/msc01050,41505
Boeing/msc01440,80017
Boeing/msc04515,117836
Boeing/msc10848,4974418
Boeing/msc23052,4738067
Boeing/nasa1824,100702
Boeing/nasa2910,46849
Boeing/nasa4704,51271
Boeing/pcrystk02,163093
Boeing/pcrystk03,289296
Boeing/pct20stif,498111
Boeing/pwtk,45151486
Bomhof/circuit_1,128383
Bomhof/circuit_2,104688
Bomhof/circuit_3,295667
Bomhof/circuit_4,658741
Botonakis/FEM_3D_thermal1,2470994
Botonakis/FEM_3D_thermal2,20068859
Botonakis/thermomech_dK,24846360
Botonakis/thermomech_dM,5466916
Botonakis/thermomech_TC,4209707
Botonakis/thermomech_TK,4219150
Bourchtein/atmosmodd,16276745
Bourchtein/atmosmodj,16276523
Bourchtein/atmosmodl,19260328
Bourchtein/atmosmodm,18648991
Bova/rma10,12988971
Brethour/coater1,64250
Brethour/coater2,1629991
Brogan/specular,59017372
Brunetiere/thermal,574624
Buss/12month1,37837991
Buss/connectus,1699150
Bydder/mri1,5335403
Bydder/mri2,4893546
Cannizzo/sts4098,181558
Castrillon/denormal,972253
CEMW/t2em,8147306
CEMW/tmt_sym,15558293
CEMW/tmt_unsym,34947154
CEMW/vfem,12703510
Chen/pkustk01,182246
Chen/pkustk02,96306
Chen/pkustk03,496982
Chen/pkustk04,642416
Chen/pkustk05,332265
Chen/pkustk06,381172
Chen/pkustk07,289536
Chen/pkustk08,398001
Chen/pkustk09,268196
Chen/pkustk10,716315
Chen/pkustk11,896102
Chen/pkustk12,1404786
Chen/pkustk13,1421127
Chen/pkustk14,2247025
Chevron/Chevron1,752697
Chevron/Chevron2,2015824
Chevron/Chevron3,11039001
Chevron/Chevron4,21192219
Clark/tomographic1,1968562
Cote/mplate,320016
Cote/vibrobox,622289
CPM/cz10228,561028
CPM/cz1268,69831
CPM/cz148,18636
CPM/cz20468,1126088
CPM/cz2548,137854
CPM/cz308,24994
CPM/cz40948,2309030
CPM/cz5108,269868
CPM/cz628,37895
Cunningham/k3plates,2454437
Cunningham/m3plates,52600
Cunningham/qa8fk,1225758
Cunningham/qa8fm,1300925
Cylshell/s1rmq4m1,558509
Cylshell/s1rmt3m1,482905
Cylshell/s2rmq4m1,570990
Cylshell/s2rmt3m1,492482
Cylshell/s3rmq4m1,578676
Cylshell/s3rmt3m1,506390
Cylshell/s3rmt3m3,781328
Dattorro/EternityII_A,1492781
Dattorro/EternityII_E,2490730
Dattorro/EternityII_Etilde,2166396
Dattorro/EternityII_Etilde,2166396
Davis/FX_March2010,816264
Dehghani/light_in_tissue,1262822
DIMACS10/144,2462384
DIMACS10/333SP,28099536
DIMACS10/598a,1952507
DIMACS10/adaptive,31251565
DIMACS10/ak2010,609265
DIMACS10/al2010,3341893
DIMACS10/ar2010,2417415
DIMACS10/AS365,33618136
DIMACS10/asia_osm,36702399
DIMACS10/auto,8334816
DIMACS10/az2010,3345766
DIMACS10/belgium_osm,4643546
DIMACS10/ca2010,9632156
DIMACS10/caidaRouterLevel,1712055
DIMACS10/channel-500x100x100-b050,65299535
DIMACS10/chesapeake,20502
DIMACS10/citationCiteseer,3527181
DIMACS10/co2010,2638726
DIMACS10/coAuthorsCiteseer,1468684
DIMACS10/coAuthorsDBLP,2143201
DIMACS10/coPapersCiteseer,5813092
DIMACS10/coPapersDBLP,7621638
DIMACS10/cs4,137673
DIMACS10/ct2010,918423
DIMACS10/cti,127686
DIMACS10/data,41291
DIMACS10/de2010,307727
DIMACS10/delaunay_n10,23489
DIMACS10/delaunay_n11,29492
DIMACS10/delaunay_n12,41719
DIMACS10/delaunay_n13,66319
DIMACS10/delaunay_n14,114999
DIMACS10/delaunay_n15,212585
DIMACS10/delaunay_n16,385951
DIMACS10/delaunay_n17,758672
DIMACS10/delaunay_n18,1494743
DIMACS10/delaunay_n19,2970648
DIMACS10/delaunay_n20,5910361
DIMACS10/delaunay_n21,11819354
DIMACS10/delaunay_n22,23583234
DIMACS10/delaunay_n23,47228244
DIMACS10/delaunay_n24,94295722
DIMACS10/europe_osm,160991567
DIMACS10/fe_4elt2,89356
DIMACS10/fe_body,306361
DIMACS10/fe_ocean,910774
DIMACS10/fe_rotor,1310908
DIMACS10/fe_sphere,128537
DIMACS10/fe_tooth,802537
DIMACS10/fl2010,6350791
DIMACS10/ga2010,3765410
DIMACS10/germany_osm,37820331
DIMACS10/G_n_pin_pout,1315132
DIMACS10/great-britain_osm,24431267
DIMACS10/hi2010,327502
DIMACS10/hugebubbles-00000,79869682
DIMACS10/hugebubbles-00010,98200739
DIMACS10/hugebubbles-00020,106024648
DIMACS10/hugetrace-00000,19863813
DIMACS10/hugetrace-00010,55078507
DIMACS10/hugetrace-00020,76185027
DIMACS10/hugetric-00000,24924367
DIMACS10/hugetric-00010,32461740
DIMACS10/hugetric-00020,35080148
DIMACS10/ia2010,2694655
DIMACS10/id2010,1990960
DIMACS10/il2010,5810903
DIMACS10/in2010,3404682
DIMACS10/italy_osm,20427680
DIMACS10/kron_g500-logn16,5812416
DIMACS10/kron_g500-logn17,12499864
DIMACS10/kron_g500-logn18,26833190
DIMACS10/kron_g500-logn19,57524351
DIMACS10/kron_g500-logn20,123406462
DIMACS10/kron_g500-logn21,264688994
DIMACS10/ks2010,2970937
DIMACS10/ky2010,2080985
DIMACS10/la2010,2622765
DIMACS10/luxembourg_osm,366956
DIMACS10/m14b,3691246
DIMACS10/M6,30997954
DIMACS10/ma2010,2114657
DIMACS10/md2010,1897996
DIMACS10/me2010,923296
DIMACS10/mi2010,4238736
DIMACS10/mn2010,3291966
DIMACS10/mo2010,4427996
DIMACS10/ms2010,2238278
DIMACS10/mt2010,1756219
DIMACS10/NACA0015,8954332
DIMACS10/nc2010,3794462
DIMACS10/nd2010,1686870
DIMACS10/ne2010,2421823
DIMACS10/netherlands_osm,7118760
DIMACS10/nh2010,641121
DIMACS10/nj2010,2214699
DIMACS10/NLR,36851865
DIMACS10/nm2010,2290130
DIMACS10/nv2010,1155220
DIMACS10/ny2010,4618412
DIMACS10/oh2010,4716237
DIMACS10/ok2010,3436866
DIMACS10/or2010,2696845
DIMACS10/pa2010,5520626
DIMACS10/packing-500x100x100-b050,26680296
DIMACS10/preferentialAttachment,1425794
DIMACS10/rgg_n_2_15_s0,253017
DIMACS10/rgg_n_2_16_s0,582952
DIMACS10/rgg_n_2_17_s0,1245982
DIMACS10/rgg_n_2_18_s0,2685063
DIMACS10/rgg_n_2_19_s0,5769551
DIMACS10/rgg_n_2_20_s0,12399306
DIMACS10/rgg_n_2_21_s0,26639050
DIMACS10/rgg_n_2_22_s0,57230357
DIMACS10/rgg_n_2_23_s0,122520385
DIMACS10/rgg_n_2_24_s0,261887775
DIMACS10/ri2010,327516
DIMACS10/road_central,55017149
DIMACS10/road_usa,81295609
DIMACS10/sc2010,2419733
DIMACS10/sd2010,1091323
DIMACS10/smallworld,899391
DIMACS10/t60k,283258
DIMACS10/tn2010,3180381
DIMACS10/tx2010,12021515
DIMACS10/uk,39184
DIMACS10/ut2010,1573825
DIMACS10/va2010,3711904
DIMACS10/venturiLevel3,18452580
DIMACS10/vsp_barth5_1Ksep_50in_5Kout,256401
DIMACS10/vsp_bcsstk30_500sep_10in_1Kout,3675132
DIMACS10/vsp_befref_fxm_2_4_air02,136984
DIMACS10/vsp_bump2_e18_aa01_model1_crew1,532484
DIMACS10/vsp_c-30_data_data,71329
DIMACS10/vsp_c-60_data_cti_cs4,450487
DIMACS10/vsp_data_and_seymourl,99450
DIMACS10/vsp_finan512_scagr7-2c_rlfddd,1059599
DIMACS10/vsp_mod2_pgp2_slptsk,806430
DIMACS10/vsp_model1_crew1_cr42_south31,309403
DIMACS10/vsp_msc10848_300sep_100in_1Kout,1839776
DIMACS10/vsp_p0291_seymourl_iiasa,100222
DIMACS10/vsp_sctap1-2b_and_seymourl,303018
DIMACS10/vsp_south31_slptsk,262703
DIMACS10/vsp_vibrobox_scagr7-2c_rlfddd,798934
DIMACS10/vt2010,424188
DIMACS10/wa2010,2605634
DIMACS10/wi2010,3248815
DIMACS10/wing,353771
DIMACS10/wing_nodal,160568
DIMACS10/wing_nodal,160568
DIMACS10/wv2010,1772388
DIMACS10/wy2010,1180593
DNVS/crplat2,148068
DNVS/fcondp2,1755593
DNVS/fullb,1869871
DNVS/halfb,1973627
DNVS/m_t1,39184433
DNVS/ship_001,13879712
DNVS/ship_003,11376895
DNVS/shipsec1,9770806
DNVS/shipsec5,13985276
DNVS/shipsec8,9284066
DNVS/thread,17003285
DNVS/trdheim,184456
DNVS/troll,2216898
DNVS/tsyl201,330761
DNVS/x104,30407828
DRIVCAV/cavity01,31423
DRIVCAV/cavity02,45950
DRIVCAV/cavity03,53959
DRIVCAV/cavity04,45961
DRIVCAV/cavity05,110507
DRIVCAV/cavity06,192429
DRIVCAV/cavity07,209568
DRIVCAV/cavity08,191689
DRIVCAV/cavity09,209281
DRIVCAV/cavity10,260167
DRIVCAV/cavity11,477920
DRIVCAV/cavity12,504896
DRIVCAV/cavity13,478629
DRIVCAV/cavity14,505036
DRIVCAV/cavity15,478421
DRIVCAV/cavity16,484374
DRIVCAV/cavity17,875575
DRIVCAV/cavity18,913054
DRIVCAV/cavity19,878222
DRIVCAV/cavity20,914634
DRIVCAV/cavity21,879479
DRIVCAV/cavity22,915614
DRIVCAV/cavity23,880005
DRIVCAV/cavity24,915822
DRIVCAV/cavity25,880224
DRIVCAV/cavity26,915924
Dziekonski/dielFilterV2clx,127856669
Dziekonski/dielFilterV2real,217636466
Dziekonski/dielFilterV3clx,168910881
Dziekonski/dielFilterV3real,377248863
Dziekonski/gsm_106857,107351764
Embree/ifiss_mat,21207303
Engwirda/airfoil_2d,2407758
FEMLAB/ns3Da,16272113
FEMLAB/poisson2D,29324
FEMLAB/poisson3Da,3467617
FEMLAB/poisson3Db,23801379
FEMLAB/problem1,28081
FEMLAB/sme3Da,8297398
FEMLAB/sme3Db,20171576
FEMLAB/sme3Dc,30717962
FEMLAB/waveguide3D,3380941
FIDAP/ex10,195047
FIDAP/ex10hs,201931
FIDAP/ex11,4605075
FIDAP/ex12,230551
FIDAP/ex13,329875
FIDAP/ex14,245729
FIDAP/ex15,322357
FIDAP/ex18,374223
FIDAP/ex19,1636852
FIDAP/ex1,24772
FIDAP/ex10,195047
FIDAP/ex10hs,201931
FIDAP/ex10hs,201931
FIDAP/ex11,4605075
FIDAP/ex12,230551
FIDAP/ex13,329875
FIDAP/ex14,245729
FIDAP/ex15,322357
FIDAP/ex18,374223
FIDAP/ex19,1636852
FIDAP/ex20,233242
FIDAP/ex21,114256
FIDAP/ex22,115214
FIDAP/ex23,191507
FIDAP/ex24,241740
FIDAP/ex25,119489
FIDAP/ex26,400260
FIDAP/ex27,193147
FIDAP/ex28,358231
FIDAP/ex29,154337
FIDAP/ex2,86180
FIDAP/ex20,233242
FIDAP/ex21,114256
FIDAP/ex22,115214
FIDAP/ex23,191507
FIDAP/ex24,241740
FIDAP/ex25,119489
FIDAP/ex26,400260
FIDAP/ex27,193147
FIDAP/ex28,358231
FIDAP/ex29,154337
FIDAP/ex31,494146
FIDAP/ex32,26683
FIDAP/ex33,41938
FIDAP/ex35,1017857
FIDAP/ex36,168255
FIDAP/ex37,439305
FIDAP/ex3,191703
FIDAP/ex31,494146
FIDAP/ex32,26683
FIDAP/ex33,41938
FIDAP/ex35,1017857
FIDAP/ex36,168255
FIDAP/ex37,439305
FIDAP/ex40,2079238
FIDAP/ex4,109253
FIDAP/ex40,2079238
FIDAP/ex5,9830
FIDAP/ex6,221529
FIDAP/ex7,244401
FIDAP/ex8,477698
FIDAP/ex9,352194
Fluorem/DK01R,97334
Fluorem/GT01R,3584440
Fluorem/HV15R,2121028666
Fluorem/PR02R,65462913
Fluorem/RM07R,278758251
FreeFieldTechnologies/mono_500Hz,81378422
Freescale/circuit5M,66402975
Freescale/circuit5M_dc,33041843
Freescale/circuit5M_dc,33041843
Freescale/Freescale1,90908603
Freescale/Freescale2,117355776
Freescale/FullChip,66260655
Freescale/memchip,70893266
Freescale/nxp1,16809722
Freescale/transient,5700824
Gaertner/big,196295
Gaertner/nopoly,96338
Gaertner/pesa,163883
GAP/GAP-kron,9810283388
GAP/GAP-road,147435836
GAP/GAP-twitter,5976357385
GAP/GAP-urand,10288249888
GAP/GAP-web,2700030895
Garon/garon1,293490
Garon/garon2,1172009
GenBank/kmer_A2a,541833012
GenBank/kmer_P1a,444313978
GenBank/kmer_U1a,210897669
GenBank/kmer_V1r,646986705
GenBank/kmer_V2a,174856324
GHS_indef/a0nsdsil,743007
GHS_indef/a2nnsnsl,716976
GHS_indef/a5esindl,498763
GHS_indef/aug2dc,95371
GHS_indef/aug2d,91948
GHS_indef/aug2dc,95371
GHS_indef/aug3dcqp,349543
GHS_indef/aug3d,75642
GHS_indef/aug3dcqp,349543
GHS_indef/blockqp1,318394
GHS_indef/bloweya,133415
GHS_indef/bloweybl,145522
GHS_indef/bloweybq,50960
GHS_indef/bmw3_2,36050798
GHS_indef/boyd1,2672535
GHS_indef/boyd2,1913736
GHS_indef/brainpc2,158494
GHS_indef/bratu3d,172503
GHS_indef/c-55,1251584
GHS_indef/c-58,1470343
GHS_indef/c-59,1436179
GHS_indef/c-62ghs,1778915
GHS_indef/c-63,1362596
GHS_indef/c-68,1754503
GHS_indef/c-69,1939634
GHS_indef/c-70,2119947
GHS_indef/c-71,2815423
GHS_indef/c-72,2257982
GHS_indef/cont-201,481573
GHS_indef/cont-300,1076401
GHS_indef/copter2,3825291
GHS_indef/cvxqp3,265724
GHS_indef/darcy003,7499244
GHS_indef/dawson5,4715958
GHS_indef/dixmaanl,809620
GHS_indef/d_pretok,5945342
GHS_indef/dtoc,71492
GHS_indef/exdata_1,8078654
GHS_indef/helm2d03,5113686
GHS_indef/helm3d01,2202467
GHS_indef/k1_san,2080328
GHS_indef/laser,18446
GHS_indef/linverse,483264
GHS_indef/mario001,738699
GHS_indef/mario002,7499244
GHS_indef/ncvxbqp1,928398
GHS_indef/ncvxqp1,202130
GHS_indef/ncvxqp3,1112473
GHS_indef/ncvxqp5,1006444
GHS_indef/ncvxqp7,1176718
GHS_indef/ncvxqp9,167057
GHS_indef/olesnik0,2382316
GHS_indef/qpband,101280
GHS_indef/sit100,87313
GHS_indef/sparsine,4835278
GHS_indef/spmsrtls,1154223
GHS_indef/stokes128,720276
GHS_indef/stokes64,187914
GHS_indef/stokes64s,243486
GHS_indef/stokes64s,243486
GHS_indef/tuma1,193403
GHS_indef/tuma2,131712
GHS_indef/turon_m,4088312
GHS_psdef/apache1,645679
GHS_psdef/apache2,5512010
GHS_psdef/audikw_1,266923999
GHS_psdef/bmw7st_1,29880890
GHS_psdef/bmwcra_1,41681333
GHS_psdef/copter1,185356
GHS_psdef/copter2,677400
GHS_psdef/crankseg_1,29635481
GHS_psdef/crankseg_2,39422578
GHS_psdef/cvxbqp1,942287
GHS_psdef/finance256,282613
GHS_psdef/ford1,126187
GHS_psdef/ford2,605128
GHS_psdef/gridgena,524547
GHS_psdef/hood,41602075
GHS_psdef/inline_1,129975822
GHS_psdef/jnlbrng1,245319
GHS_psdef/ldoor,178055418
GHS_psdef/minsurfo,258726
GHS_psdef/obstclae,232663
GHS_psdef/oilpan,6341887
GHS_psdef/opt1,185198
GHS_psdef/pds10,153611
GHS_psdef/pwt,267061
GHS_psdef/ramage02,287768
GHS_psdef/s3dkq4m2,2257901
GHS_psdef/s3dkt3m2,1706104
GHS_psdef/srb1,447876
GHS_psdef/torsion1,232799
GHS_psdef/vanbody,9456319
GHS_psdef/wathen100,1308074
GHS_psdef/wathen120,1577836
Gleich/flickr,22799240
Gleich/minnesota,18414
Gleich/usroads-48,470114
Gleich/usroads,479419
Gleich/usroads-48,470114
Gleich/wb-cs-stanford,61821
Gleich/wb-edu,57183916
Gleich/wikipedia-20051105,54462251
Gleich/wikipedia-20060925,108349894
Gleich/wikipedia-20061104,114980057
Gleich/wikipedia-20070206,132554214
Goodwin/goodwin,1514912
Goodwin/Goodwin_010,39689
Goodwin/Goodwin_013,63941
Goodwin/Goodwin_017,102838
Goodwin/Goodwin_023,186360
Goodwin/Goodwin_030,305734
Goodwin/Goodwin_040,520598
Goodwin/Goodwin_054,946323
Goodwin/Goodwin_071,1673031
Goodwin/Goodwin_095,3111843
Goodwin/Goodwin_127,5579620
Goodwin/rim,7840937
Graham/graham1,2595174
Grueninger/windtunnel_evap2d,1034847
Grueninger/windtunnel_evap3d,10166556
Grund/b1_ss,9134
Grund/b2_ss,18540
Grund/bayer01,1399061
Grund/bayer02,314053
Grund/bayer03,168917
Grund/bayer04,495929
Grund/bayer05,71687
Grund/bayer06,71236
Grund/bayer07,71971
Grund/bayer08,71315
Grund/bayer09,75839
Grund/bayer10,414055
Grund/b_dyn,33931
Grund/d_dyn1,10182
Grund/d_dyn,10161
Grund/d_dyn1,10182
Grund/d_ss,9648
Grund/meg1,137217
Grund/meg4,61262
Grund/poli3,162205
Grund/poli4,279074
Grund/poli,38079
Grund/poli_large,120158
Grund/poli3,162205
Grund/poli4,279074
Grund/poli_large,120158
Gset/G10,40415
Gset/G11,12429
Gset/G12,12486
Gset/G13,12647
Gset/G14,16713
Gset/G15,16675
Gset/G16,16689
Gset/G17,16665
Gset/G18,17641
Gset/G19,17586
Gset/G1,36054
Gset/G10,40415
Gset/G11,12429
Gset/G12,12486
Gset/G13,12647
Gset/G14,16713
Gset/G15,16675
Gset/G16,16689
Gset/G17,16665
Gset/G18,17641
Gset/G19,17586
Gset/G20,17601
Gset/G21,17582
Gset/G22,43213
Gset/G23,43181
Gset/G24,43162
Gset/G25,43203
Gset/G26,43158
Gset/G27,47697
Gset/G28,47639
Gset/G29,47642
Gset/G2,36189
Gset/G20,17601
Gset/G21,17582
Gset/G22,43213
Gset/G23,43181
Gset/G24,43162
Gset/G25,43203
Gset/G26,43158
Gset/G27,47697
Gset/G28,47639
Gset/G29,47642
Gset/G30,47705
Gset/G31,47650
Gset/G32,17975
Gset/G33,18085
Gset/G34,18523
Gset/G35,29543
Gset/G36,29549
Gset/G37,29587
Gset/G38,29534
Gset/G39,32025
Gset/G3,36095
Gset/G30,47705
Gset/G31,47650
Gset/G32,17975
Gset/G33,18085
Gset/G34,18523
Gset/G35,29543
Gset/G36,29549
Gset/G37,29587
Gset/G38,29534
Gset/G39,32025
Gset/G40,32042
Gset/G41,32091
Gset/G42,32050
Gset/G43,25192
Gset/G44,25198
Gset/G45,25179
Gset/G46,25186
Gset/G47,25207
Gset/G48,22730
Gset/G49,23774
Gset/G4,36076
Gset/G40,32042
Gset/G41,32091
Gset/G42,32050
Gset/G43,25192
Gset/G44,25198
Gset/G45,25179
Gset/G46,25186
Gset/G47,25207
Gset/G48,22730
Gset/G49,23774
Gset/G50,24094
Gset/G51,18628
Gset/G52,18686
Gset/G53,18650
Gset/G54,18679
Gset/G55,38447
Gset/G56,41105
Gset/G57,34066
Gset/G58,64182
Gset/G59,70675
Gset/G5,36085
Gset/G50,24094
Gset/G51,18628
Gset/G52,18686
Gset/G53,18650
Gset/G54,18679
Gset/G55,38447
Gset/G56,41105
Gset/G57,34066
Gset/G58,64182
Gset/G59,70675
Gset/G60,50314
Gset/G61,54015
Gset/G62,45968
Gset/G63,88145
Gset/G64,97300
Gset/G65,52072
Gset/G66,58757
Gset/G67,64046
Gset/G6,40335
Gset/G60,50314
Gset/G61,54015
Gset/G62,45968
Gset/G63,88145
Gset/G64,97300
Gset/G65,52072
Gset/G66,58757
Gset/G67,64046
Gset/G7,40498
Gset/G8,40402
Gset/G9,40368
Guettel/TEM152078,23301777
Guettel/TEM181302,29001386
Guettel/TEM27623,2165384
Gupta/gupta1,504019
Gupta/gupta2,988331
Gupta/gupta3,3015091
Hamm/add20,98099
Hamm/add32,151985
Hamm/bcircuit,1432561
Hamm/hcircuit,1387820
Hamm/memplus,515334
Hamm/scircuit,4658006
Hamrle/Hamrle1,9344
Hamrle/Hamrle2,46750
Hamrle/Hamrle3,7951233
Hardesty/Hardesty1,9670918
Hardesty/Hardesty2,22657444
Hardesty/Hardesty3,87506044
Harvard_Seismology/JP,123051547
HB/1138_bus,28646
HB/494_bus,17966
HB/662_bus,22267
HB/685_bus,24067
HB/abb313,10650
HB/arc130,15500
HB/ash219,9605
HB/ash292,10906
HB/ash331,10083
HB/ash608,10991
HB/ash85,9477
HB/ash958,12171
HB/bcspwr01,9244
HB/bcspwr02,9262
HB/bcspwr03,9543
HB/bcspwr04,10782
HB/bcspwr05,11261
HB/bcspwr06,16054
HB/bcspwr07,16846
HB/bcspwr08,17013
HB/bcspwr09,18392
HB/bcspwr10,41989
HB/bcsstk01,10223
HB/bcsstk02,17258
HB/bcsstk03,11046
HB/bcsstk04,14932
HB/bcsstk05,13155
HB/bcsstk06,22680
HB/bcsstk07,22824
HB/bcsstk08,36437
HB/bcsstk09,20530
HB/bcsstk10,35326
HB/bcsstk11,45728
HB/bcsstk12,45872
HB/bcsstk13,197781
HB/bcsstk14,194862
HB/bcsstk15,155274
HB/bcsstk16,245860
HB/bcsstk17,1295665
HB/bcsstk18,484085
HB/bcsstk19,27253
HB/bcsstk20,18999
HB/bcsstk21,35531
HB/bcsstk22,11098
HB/bcsstk23,118445
HB/bcsstk24,525555
HB/bcsstk25,600034
HB/bcsstk26,125315
HB/bcsstk27,239730
HB/bcsstk28,900746
HB/bcsstk29,140118
HB/bcsstk30,287781
HB/bcsstk31,359714
HB/bcsstk32,401488
HB/bcsstk33,113572
HB/bcsstm01,9232
HB/bcsstm02,9380
HB/bcsstm03,9676
HB/bcsstm04,9584
HB/bcsstm05,9666
HB/bcsstm06,11189
HB/bcsstm07,20955
HB/bcsstm08,14313
HB/bcsstm09,12547
HB/bcsstm10,38794
HB/bcsstm11,15159
HB/bcsstm12,30486
HB/bcsstm13,47986
HB/bcsstm19,14052
HB/bcsstm20,12153
HB/bcsstm21,21663
HB/bcsstm22,9911
HB/bcsstm23,33276
HB/bcsstm24,29546
HB/bcsstm25,112377
HB/bcsstm26,23625
HB/bcsstm27,241309
HB/beacxc,321959
HB/beaflw,308827
HB/beause,130629
HB/blckhole,22746
HB/bp_0,21989
HB/bp_1000,27952
HB/bp_1200,28353
HB/bp_1400,28568
HB/bp_1600,28707
HB/bp_200,24347
HB/bp_400,25424
HB/bp_600,25988
HB/bp_800,27521
HB/can_1054,17846
HB/can_1072,18050
HB/can_144,9803
HB/can_161,9987
HB/can_187,10124
HB/can_229,10308
HB/can_24,9192
HB/can_256,11207
HB/can_268,11228
HB/can_292,11074
HB/can_445,12068
HB/can_61,9384
HB/can_62,9287
HB/can_634,14174
HB/can_715,14087
HB/can_73,9371
HB/can_838,16300
HB/can_96,9581
HB/cegb2802,28962
HB/cegb2919,32412
HB/cegb3024,32300
HB/cegb3306,29337
HB/curtis54,9279
HB/dwt_1005,15917
HB/dwt_1007,15261
HB/dwt_1242,17293
HB/dwt_162,9934
HB/dwt_193,10608
HB/dwt_198,10114
HB/dwt_209,10294
HB/dwt_221,10239
HB/dwt_234,9880
HB/dwt_245,10199
HB/dwt_2680,29026
HB/dwt_307,11071
HB/dwt_310,10937
HB/dwt_346,11641
HB/dwt_361,11275
HB/dwt_419,12076
HB/dwt_492,11922
HB/dwt_503,13024
HB/dwt_512,12077
HB/dwt_592,12976
HB/dwt_59,9317
HB/dwt_592,12976
HB/dwt_607,13224
HB/dwt_66,9354
HB/dwt_72,9324
HB/dwt_758,13764
HB/dwt_869,14417
HB/dwt_878,14501
HB/dwt_87,9481
HB/dwt_878,14501
HB/dwt_918,15043
HB/dwt_992,18746
HB/eris1176,15038
HB/fs_183_1,16247
HB/fs_183_3,16320
HB/fs_183_4,16225
HB/fs_183_6,16113
HB/fs_541_1,42800
HB/fs_541_2,43247
HB/fs_541_3,43007
HB/fs_541_4,42971
HB/fs_680_1,26336
HB/fs_680_2,27644
HB/fs_680_3,27635
HB/fs_760_1,53516
HB/fs_760_2,55591
HB/fs_760_3,55120
HB/gemat11,300103
HB/gemat12,299568
HB/gemat1,383286
HB/gemat11,300103
HB/gemat12,299568
HB/gent113,9631
HB/gr_30_30,14752
HB/gre_1107,21932
HB/gre_115,10392
HB/gre_185,11443
HB/gre_216a,10813
HB/gre_216b,11097
HB/gre_343,11910
HB/gre_512,13296
HB/hor_131,29805
HB/ibm32,9194
HB/illc1033,31726
HB/illc1850,51520
HB/impcol_a,12245
HB/impcol_b,10762
HB/impcol_c,10030
HB/impcol_d,12189
HB/impcol_e,14840
HB/jagmesh1,14495
HB/jagmesh2,14935
HB/jagmesh3,15530
HB/jagmesh4,17275
HB/jagmesh5,15741
HB/jagmesh6,16734
HB/jagmesh7,15407
HB/jagmesh8,15410
HB/jagmesh9,17042
HB/jgl009,9116
HB/jgl011,9119
HB/jpwh_991,19380
HB/lap_25,9196
HB/lns_131,11392
HB/lns_3937,119293
HB/lns_511,20250
HB/lnsp_131,11402
HB/lnsp3937,121683
HB/lnsp_511,20196
HB/lock1074,16762
HB/lock2232,23980
HB/lock3491,35358
HB/lock_700,13925
HB/lshp1009,15087
HB/lshp1270,16572
HB/lshp1561,18412
HB/lshp1882,20445
HB/lshp2233,22655
HB/lshp2614,25111
HB/lshp_265,10594
HB/lshp3025,27707
HB/lshp3466,30585
HB/lshp_406,11387
HB/lshp_577,12374
HB/lshp_778,13562
HB/lund_a,12778
HB/lund_b,12787
HB/mahindas,43517
HB/man_5976,63616
HB/mbeacxc,318241
HB/mbeaflw,289991
HB/mbeause,116681
HB/mcca,24904
HB/mcfe,154405
HB/nnc1374,22774
HB/nnc261,11804
HB/nnc666,16261
HB/nos1,10130
HB/nos2,13102
HB/nos3,23517
HB/nos4,9795
HB/nos5,17138
HB/nos6,13468
HB/nos7,14296
HB/orani678,510103
HB/orsirr_1,24483
HB/orsirr_2,22130
HB/orsreg_1,33625
HB/plat1919,162858
HB/plat362,36211
HB/plsk1919,49209
HB/plskz362,16396
HB/pores_1,10468
HB/pores_2,66355
HB/pores_3,34899
HB/psmigr_1,1641392
HB/psmigr_2,4957760
HB/psmigr_3,4983745
HB/rgg010,9114
HB/saylr1,15010
HB/saylr3,16396
HB/saylr4,37504
HB/sherman1,16391
HB/sherman2,127807
HB/sherman3,118382
HB/sherman4,39698
HB/sherman5,161407
HB/shl_0,13324
HB/shl_200,13605
HB/shl_400,13602
HB/sstmodel,30409
HB/steam1,19166
HB/steam2,33038
HB/steam3,11646
HB/str_0,20907
HB/str_200,24419
HB/str_400,24710
HB/str_600,25653
HB/watt_1,84100
HB/watt_2,84753
HB/well1033,32342
HB/well1850,52876
HB/west0067,10510
HB/west0132,11780
HB/west0156,11243
HB/west0167,12437
HB/west0381,18422
HB/west0479,21468
HB/west0497,19573
HB/west0655,25324
HB/west0989,29759
HB/west1505,39927
HB/west2021,55431
HB/will199,9924
HB/will57,9341
HB/wm1,28617
HB/wm2,29391
HB/wm3,29536
HB/young1c,18240
HB/young2c,17568
HB/young3c,19188
HB/young4c,18843
HB/zenios,34856
Hohn/fd12,82522
Hohn/fd15,124100
Hohn/fd18,174847
Hohn/sinc12,256249
Hohn/sinc15,369286
Hohn/sinc18,944224
Hollinger/g7jac010,119389
Hollinger/g7jac010sc,131763
Hollinger/g7jac010sc,131763
Hollinger/g7jac020,259346
Hollinger/g7jac020sc,285689
Hollinger/g7jac020sc,285689
Hollinger/g7jac040,621417
Hollinger/g7jac040sc,664152
Hollinger/g7jac040sc,664152
Hollinger/g7jac050sc,879651
Hollinger/g7jac060,1014613
Hollinger/g7jac060sc,1102561
Hollinger/g7jac060sc,1102561
Hollinger/g7jac080,1549151
Hollinger/g7jac080sc,1665608
Hollinger/g7jac080sc,1665608
Hollinger/g7jac100,2193956
Hollinger/g7jac100sc,2322295
Hollinger/g7jac100sc,2322295
Hollinger/g7jac120,2796223
Hollinger/g7jac120sc,2938588
Hollinger/g7jac120sc,2938588
Hollinger/g7jac140,3406100
Hollinger/g7jac140sc,3569892
Hollinger/g7jac140sc,3569892
Hollinger/g7jac160,4010873
Hollinger/g7jac160sc,4185014
Hollinger/g7jac160sc,4185014
Hollinger/g7jac180,4616539
Hollinger/g7jac180sc,4809603
Hollinger/g7jac180sc,4809603
Hollinger/g7jac200,5224995
Hollinger/g7jac200sc,5440249
Hollinger/g7jac200sc,5440249
Hollinger/jan99jac020,120836
Hollinger/jan99jac020sc,140898
Hollinger/jan99jac020sc,140898
Hollinger/jan99jac040,250360
Hollinger/jan99jac040sc,285145
Hollinger/jan99jac040sc,285145
Hollinger/jan99jac060,377319
Hollinger/jan99jac060sc,431947
Hollinger/jan99jac060sc,431947
Hollinger/jan99jac080,508303
Hollinger/jan99jac080sc,577633
Hollinger/jan99jac080sc,577633
Hollinger/jan99jac100,633733
Hollinger/jan99jac100sc,714788
Hollinger/jan99jac100sc,714788
Hollinger/jan99jac120,749238
Hollinger/jan99jac120sc,841044
Hollinger/jan99jac120sc,841044
Hollinger/mark3jac020,346108
Hollinger/mark3jac020sc,372037
Hollinger/mark3jac020sc,372037
Hollinger/mark3jac040,688967
Hollinger/mark3jac040sc,725615
Hollinger/mark3jac040sc,725615
Hollinger/mark3jac060,1027782
Hollinger/mark3jac060sc,1081400
Hollinger/mark3jac060sc,1081400
Hollinger/mark3jac080,1358640
Hollinger/mark3jac080sc,1425381
Hollinger/mark3jac080sc,1425381
Hollinger/mark3jac100,1701739
Hollinger/mark3jac100sc,1783012
Hollinger/mark3jac100sc,1783012
Hollinger/mark3jac120,2030440
Hollinger/mark3jac120sc,2126553
Hollinger/mark3jac120sc,2126553
Hollinger/mark3jac140,2369537
Hollinger/mark3jac140sc,2478437
Hollinger/mark3jac140sc,2478437
HVDC/hvdc1,1013251
HVDC/hvdc2,8661230
IBM_Austin/coupled,668117
IBM_EDA/ckt11752_dc_1,1165398
IBM_EDA/ckt11752_tr_0,1148692
IBM_EDA/dc1,1605949
IBM_EDA/dc2,2654976
IBM_EDA/dc3,2987128
IBM_EDA/trans4,2288158
IBM_EDA/trans5,2269436
INPRO/msdoor,80107414
IPSO/HTC_336_4438,1189719
IPSO/HTC_336_9129,1182824
IPSO/OPF_10000,1729613
IPSO/OPF_3754,605924
IPSO/OPF_6000,1134574
IPSO/TSC_OPF_1047,8159650
IPSO/TSC_OPF_300,2106154
Janna/Bump_2911,434674629
Janna/CoupCons3D,140223715
Janna/Cube_Coup_dt0,286459186
Janna/Cube_Coup_dt6,287012982
Janna/Emilia_923,101613752
Janna/Fault_639,93904447
Janna/Flan_1565,89918213
Janna/Geo_1438,204544715
Janna/Hook_1498,204067397
Janna/Long_Coup_dt0,266804609
Janna/Long_Coup_dt6,266752667
Janna/ML_Geer,784768026
Janna/ML_Laplace,189997502
Janna/PFlow_742,158135985
Janna/Queen_4147,1056669021
Janna/Serena,216615147
Janna/StocF-1465,105134388
Janna/Transport,108157632
JGD_BIBD/bibd_11_5,13240
JGD_BIBD/bibd_12_4,12730
JGD_BIBD/bibd_12_5,15756
JGD_BIBD/bibd_13_6,26457
JGD_BIBD/bibd_14_7,62561
JGD_BIBD/bibd_15_3,11700
JGD_BIBD/bibd_15_7,127462
JGD_BIBD/bibd_16_8,406170
JGD_BIBD/bibd_17_3,12755
JGD_BIBD/bibd_17_4b,24693
JGD_BIBD/bibd_17_4,24685
JGD_BIBD/bibd_17_4b,24693
JGD_BIBD/bibd_17_8,863128
JGD_BIBD/bibd_18_9,2510386
JGD_BIBD/bibd_19_9,4662808
JGD_BIBD/bibd_20_10,11615935
JGD_BIBD/bibd_22_8,12606035
JGD_BIBD/bibd_49_3,106678
JGD_BIBD/bibd_81_2,20623
JGD_BIBD/bibd_81_3,496294
JGD_BIBD/bibd_9_3,9840
JGD_BIBD/bibd_9_5,10378
JGD_CAG/CAG_mat1916,208276
JGD_CAG/CAG_mat364,22582
JGD_CAG/CAG_mat72,12246
JGD_Forest/TF10,11229
JGD_Forest/TF11,12909
JGD_Forest/TF12,17518
JGD_Forest/TF13,30151
JGD_Forest/TF14,65343
JGD_Forest/TF15,182191
JGD_Forest/TF16,489779
JGD_Forest/TF17,1354322
JGD_Forest/TF18,3753109
JGD_Forest/TF19,10462001
JGD_Franz/Franz10,158306
JGD_Franz/Franz11,597047
JGD_Franz/Franz1,21804
JGD_Franz/Franz10,158306
JGD_Franz/Franz11,597047
JGD_Franz/Franz2,58661
JGD_Franz/Franz3,29900
JGD_Franz/Franz4,88287
JGD_Franz/Franz5,74450
JGD_Franz/Franz6,78456
JGD_Franz/Franz7,69715
JGD_Franz/Franz8,170296
JGD_Franz/Franz9,155696
JGD_G5/IG5-10,26990
JGD_G5/IG5-11,44460
JGD_G5/IG5-12,80926
JGD_G5/IG5-13,186026
JGD_G5/IG5-14,348460
JGD_G5/IG5-15,655359
JGD_G5/IG5-16,1193522
JGD_G5/IG5-17,2113468
JGD_G5/IG5-18,3702046
JGD_G5/IG5-6,12311
JGD_G5/IG5-7,12846
JGD_G5/IG5-8,14571
JGD_G5/IG5-9,18721
JGD_GL6/GL6_D_10,14174
JGD_GL6/GL6_D_6,15192
JGD_GL6/GL6_D_7,20627
JGD_GL6/GL6_D_8,22061
JGD_GL6/GL6_D_9,18391
JGD_GL7d/GL7d10,13090
JGD_GL7d/GL7d11,16462
JGD_GL7d/GL7d12,94698
JGD_GL7d/GL7d13,998421
JGD_GL7d/GL7d14,5395806
JGD_GL7d/GL7d15,18823948
JGD_GL7d/GL7d16,46914209
JGD_GL7d/GL7d17,87101402
JGD_GL7d/GL7d18,122043046
JGD_GL7d/GL7d19,129227721
JGD_GL7d/GL7d20,103146118
JGD_GL7d/GL7d21,61679356
JGD_GL7d/GL7d22,27825614
JGD_GL7d/GL7d23,8684887
JGD_GL7d/GL7d24,1743325
JGD_GL7d/GL7d25,223684
JGD_GL7d/GL7d26,29523
JGD_Groebner/c8_mat11,5481512
JGD_Groebner/c8_mat11_I,5490338
JGD_Groebner/c8_mat11_I,5490338
JGD_Groebner/f855_mat9,275916
JGD_Groebner/f855_mat9_I,273530
JGD_Groebner/f855_mat9_I,273530
JGD_Groebner/HFE18_96_in,955024
JGD_Groebner/rkat7_mat5,37078
JGD_Groebner/robot24c1_mat5,23684
JGD_Groebner/robot24c1_mat5_J,41038
JGD_Groebner/robot24c1_mat5_J,41038
JGD_Homology/ch3-3-b1,9668
JGD_Homology/ch3-3-b2,9647
JGD_Homology/ch4-4-b1,9781
JGD_Homology/ch4-4-b2,10131
JGD_Homology/ch4-4-b3,9742
JGD_Homology/ch5-5-b1,10173
JGD_Homology/ch5-5-b2,12780
JGD_Homology/ch5-5-b3,13669
JGD_Homology/ch5-5-b4,10770
JGD_Homology/ch6-6-b1,10823
JGD_Homology/ch6-6-b2,22765
JGD_Homology/ch6-6-b3,48186
JGD_Homology/ch6-6-b4,49738
JGD_Homology/ch6-6-b5,18322
JGD_Homology/ch7-6-b1,11307
JGD_Homology/ch7-6-b2,33097
JGD_Homology/ch7-6-b3,101558
JGD_Homology/ch7-6-b4,162404
JGD_Homology/ch7-6-b5,68915
JGD_Homology/ch7-7-b1,12011
JGD_Homology/ch7-7-b2,50967
JGD_Homology/ch7-7-b5,432979
JGD_Homology/ch7-8-b1,12851
JGD_Homology/ch7-8-b2,75967
JGD_Homology/ch7-8-b3,439574
JGD_Homology/ch7-8-b4,1419851
JGD_Homology/ch7-8-b5,1702680
JGD_Homology/ch7-9-b1,13838
JGD_Homology/ch7-9-b2,109136
JGD_Homology/ch7-9-b3,781762
JGD_Homology/ch7-9-b4,3178278
JGD_Homology/ch7-9-b5,5028264
JGD_Homology/ch8-8-b1,14003
JGD_Homology/ch8-8-b2,115971
JGD_Homology/ch8-8-b3,866816
JGD_Homology/ch8-8-b4,3766994
JGD_Homology/ch8-8-b5,6702589
JGD_Homology/cis-n4c6-b13,185708
JGD_Homology/cis-n4c6-b14,34320
JGD_Homology/cis-n4c6-b15,11202
JGD_Homology/cis-n4c6-b1,10310
JGD_Homology/cis-n4c6-b13,185708
JGD_Homology/cis-n4c6-b14,34320
JGD_Homology/cis-n4c6-b15,11202
JGD_Homology/cis-n4c6-b2,16576
JGD_Homology/cis-n4c6-b3,51119
JGD_Homology/cis-n4c6-b4,205105
JGD_Homology/D6-6,362615
JGD_Homology/klein-b1,9691
JGD_Homology/klein-b2,9695
JGD_Homology/lutz30-23-b6,30849
JGD_Homology/m133-b3,1559828
JGD_Homology/mk10-b1,11313
JGD_Homology/mk10-b2,27254
JGD_Homology/mk10-b3,44204
JGD_Homology/mk10-b4,19604
JGD_Homology/mk11-b1,12322
JGD_Homology/mk11-b2,48819
JGD_Homology/mk11-b3,140207
JGD_Homology/mk11-b4b,103505
JGD_Homology/mk11-b4,112044
JGD_Homology/mk11-b4b,103505
JGD_Homology/mk12-b1,13769
JGD_Homology/mk12-b2,88060
JGD_Homology/mk12-b3,393436
JGD_Homology/mk12-b4,646261
JGD_Homology/mk12-b5,146211
JGD_Homology/mk13-b5,1664157
JGD_Homology/mk9-b1,10620
JGD_Homology/mk9-b2,16440
JGD_Homology/mk9-b3,16309
JGD_Homology/n2c6-b10,10204
JGD_Homology/n2c6-b1,9848
JGD_Homology/n2c6-b10,10204
JGD_Homology/n2c6-b2,11856
JGD_Homology/n2c6-b3,18427
JGD_Homology/n2c6-b4,35602
JGD_Homology/n2c6-b5,60967
JGD_Homology/n2c6-b6,79810
JGD_Homology/n2c6-b7,64542
JGD_Homology/n2c6-b8,32699
JGD_Homology/n2c6-b9,14739
JGD_Homology/n3c4-b1,9659
JGD_Homology/n3c4-b2,9686
JGD_Homology/n3c4-b3,9686
JGD_Homology/n3c4-b4,9659
JGD_Homology/n3c5-b1,9719
JGD_Homology/n3c5-b2,10204
JGD_Homology/n3c5-b3,10918
JGD_Homology/n3c5-b4,11647
JGD_Homology/n3c5-b5,11644
JGD_Homology/n3c5-b6,10965
JGD_Homology/n3c5-b7,9893
JGD_Homology/n3c6-b10,22259
JGD_Homology/n3c6-b11,10846
JGD_Homology/n3c6-b1,9848
JGD_Homology/n3c6-b10,22259
JGD_Homology/n3c6-b11,10846
JGD_Homology/n3c6-b2,11856
JGD_Homology/n3c6-b3,18427
JGD_Homology/n3c6-b4,35602
JGD_Homology/n3c6-b5,61567
JGD_Homology/n3c6-b6,88147
JGD_Homology/n3c6-b7,97573
JGD_Homology/n3c6-b8,86426
JGD_Homology/n3c6-b9,52640
JGD_Homology/n4c5-b10,11806
JGD_Homology/n4c5-b11,9760
JGD_Homology/n4c5-b1,9848
JGD_Homology/n4c5-b10,11806
JGD_Homology/n4c5-b11,9760
JGD_Homology/n4c5-b2,11856
JGD_Homology/n4c5-b3,18337
JGD_Homology/n4c5-b4,34469
JGD_Homology/n4c5-b5,54642
JGD_Homology/n4c5-b6,67821
JGD_Homology/n4c5-b7,59561
JGD_Homology/n4c5-b8,39250
JGD_Homology/n4c5-b9,20227
JGD_Homology/n4c6-b10,2955051
JGD_Homology/n4c6-b11,1670366
JGD_Homology/n4c6-b12,687775
JGD_Homology/n4c6-b13,185676
JGD_Homology/n4c6-b14,34296
JGD_Homology/n4c6-b15,11194
JGD_Homology/n4c6-b1,10302
JGD_Homology/n4c6-b10,2955051
JGD_Homology/n4c6-b11,1670366
JGD_Homology/n4c6-b12,687775
JGD_Homology/n4c6-b13,185676
JGD_Homology/n4c6-b14,34296
JGD_Homology/n4c6-b15,11194
JGD_Homology/n4c6-b2,16560
JGD_Homology/n4c6-b3,51095
JGD_Homology/n4c6-b4,205073
JGD_Homology/n4c6-b5,618622
JGD_Homology/n4c6-b6,1448288
JGD_Homology/n4c6-b7,2517463
JGD_Homology/n4c6-b8,3657001
JGD_Homology/n4c6-b9,3782009
JGD_Homology/shar_te2-b1,80044
JGD_Homology/shar_te2-b2,1091944
JGD_Homology/shar_te2-b3,1548159
JGD_Kocay/Trec10,21858
JGD_Kocay/Trec11,57216
JGD_Kocay/Trec12,287448
JGD_Kocay/Trec13,1233600
JGD_Kocay/Trec14,5586866
JGD_Kocay/Trec3,10788
JGD_Kocay/Trec4,10785
JGD_Kocay/Trec5,10798
JGD_Kocay/Trec6,10842
JGD_Kocay/Trec7,10968
JGD_Kocay/Trec8,11540
JGD_Kocay/Trec9,13569
JGD_Margulies/cat_ears_2_1,12115
JGD_Margulies/cat_ears_2_4,25298
JGD_Margulies/cat_ears_3_1,12546
JGD_Margulies/cat_ears_3_4,85512
JGD_Margulies/cat_ears_4_1,13561
JGD_Margulies/cat_ears_4_4,270002
JGD_Margulies/flower_4_1,12278
JGD_Margulies/flower_4_4,40780
JGD_Margulies/flower_5_1,12613
JGD_Margulies/flower_5_4,93606
JGD_Margulies/flower_7_1,14086
JGD_Margulies/flower_7_4,476403
JGD_Margulies/flower_8_1,14776
JGD_Margulies/flower_8_4,891336
JGD_Margulies/kneser_10_4_1,2480695
JGD_Margulies/kneser_6_2_1,15681
JGD_Margulies/kneser_8_3_1,118882
JGD_Margulies/wheel_3_1,11867
JGD_Margulies/wheel_4_1,11925
JGD_Margulies/wheel_5_1,11997
JGD_Margulies/wheel_601,5514094
JGD_Margulies/wheel_6_1,12105
JGD_Margulies/wheel_7_1,12219
JGD_Relat/rel3,9706
JGD_Relat/rel4,9772
JGD_Relat/rel5,10404
JGD_Relat/rel6,15264
JGD_Relat/rel7,77836
JGD_Relat/rel8,1456157
JGD_Relat/rel9,52577142
JGD_Relat/relat3,9722
JGD_Relat/relat4,9831
JGD_Relat/relat5,10765
JGD_Relat/relat6,18746
JGD_Relat/relat7b,129703
JGD_Relat/relat7,129703
JGD_Relat/relat7b,129703
JGD_Relat/relat8,2467692
JGD_Relat/relat9,89171439
JGD_SL6/D_10,24397
JGD_SL6/D_11,15756
JGD_SL6/D_5,13891
JGD_SL6/D_6,23097
JGD_SL6/D_7,35206
JGD_SL6/D_8,39129
JGD_SL6/D_9,33551
JGD_SPG/08blocks,10719
JGD_SPG/EX1,16227
JGD_SPG/EX2,16424
JGD_SPG/EX3,62868
JGD_SPG/EX4,62951
JGD_SPG/EX5,215064
JGD_SPG/EX6,216194
JGD_Taha/abtaha1,82444
JGD_Taha/abtaha2,228913
JGD_Trefethen/Trefethen_150,12180
JGD_Trefethen/Trefethen_20000b,590094
JGD_Trefethen/Trefethen_20000,590120
JGD_Trefethen/Trefethen_2000,46324
JGD_Trefethen/Trefethen_200b,12951
JGD_Trefethen/Trefethen_200,12966
JGD_Trefethen/Trefethen_20b,10450
JGD_Trefethen/Trefethen_20,10457
JGD_Trefethen/Trefethen_20000b,590094
JGD_Trefethen/Trefethen_20000,590120
JGD_Trefethen/Trefethen_2000,46324
JGD_Trefethen/Trefethen_200b,12951
JGD_Trefethen/Trefethen_200,12966
JGD_Trefethen/Trefethen_20000b,590094
JGD_Trefethen/Trefethen_20000,590120
JGD_Trefethen/Trefethen_2000,46324
JGD_Trefethen/Trefethen_20000b,590094
JGD_Trefethen/Trefethen_20000,590120
JGD_Trefethen/Trefethen_20000b,590094
JGD_Trefethen/Trefethen_200b,12951
JGD_Trefethen/Trefethen_20b,10450
JGD_Trefethen/Trefethen_300,14565
JGD_Trefethen/Trefethen_500,17742
JGD_Trefethen/Trefethen_700,21322
Kamvar/Stanford_Berkeley,8634023
Kamvar/Stanford,6214997
Kamvar/Stanford_Berkeley,8634023
Kemelmacher/Kemelmacher,453193
Kim/kim1,1234367
Kim/kim2,14286358
Koutsovasilis/F1,97470607
Koutsovasilis/F2,19726981
Langemyr/comsol,594030
LAW/amazon-2008,8921697
LAW/arabic-2005,276947659
LAW/cnr-2000,2092536
LAW/dblp-2010,1462529
LAW/enron,474266
LAW/eu-2005,11969581
LAW/hollywood-2009,82215335
LAW/in-2004,9391387
LAW/indochina-2004,123848122
LAW/it-2004,455968426
LAW/ljournal-2008,164414791
LAW/sk-2005,769366218
LAW/uk-2002,143179595
LAW/uk-2005,365877196
LAW/webbase-2001,758908464
Lee/fem_filter,18741849
Lee/fem_hifreq_circuit,156215753
LeGresley/LeGresley_2508,137743
LeGresley/LeGresley_4908,260860
LeGresley/LeGresley_87936,5460750
Li/li,4298417
Lin/Lin,3392131
Li/pli,434818
LiuWenzhuo/powersim,341896
Lourakis/bundle1,2050132
LPnetlib/lp_25fv47,45925
LPnetlib/lp_80bau3b,78584
LPnetlib/lp_adlittle,14822
LPnetlib/lp_afiro,13493
LPnetlib/lp_agg2,24226
LPnetlib/lp_agg3,24248
LPnetlib/lp_agg,22209
LPnetlib/lp_agg2,24226
LPnetlib/lp_agg3,24248
LPnetlib/lp_bandm,22741
LPnetlib/lp_beaconfd,21292
LPnetlib/lp_blend,14117
LPnetlib/lp_bnl1,23706
LPnetlib/lp_bnl2,41567
LPnetlib/lp_bore3d,17559
LPnetlib/lp_brandy,19885
LPnetlib/lp_capri,20601
LPnetlib/lp_cre_a,54418
LPnetlib/lp_cre_b,422983
LPnetlib/lp_cre_c,49297
LPnetlib/lp_cre_d,402562
LPnetlib/lp_cycle,74515
LPnetlib/lp_czprob,30784
LPnetlib/lp_d2q06c,121558
LPnetlib/lp_d6cube,73187
LPnetlib/lp_degen2,17747
LPnetlib/lp_degen3,35914
LPnetlib/lp_dfl001,112519
LPnetlib/lp_e226,21841
LPnetlib/lp_etamacro,19413
LPnetlib/lp_fffff800,26310
LPnetlib/lp_finnis,20965
LPnetlib/lp_fit1d,32483
LPnetlib/lp_fit1p,36679
LPnetlib/lp_fit2d,229086
LPnetlib/lp_fit2p,122888
LPnetlib/lp_ganges,23794
LPnetlib/lp_gfrd_pnc,18001
LPnetlib/lp_greenbea,86652
LPnetlib/lp_greenbeb,86572
LPnetlib/lp_grow15,19109
LPnetlib/lp_grow22,21590
LPnetlib/lp_grow7,16592
LPnetlib/lpi_bgdbg1,14439
LPnetlib/lpi_bgetam,16143
LPnetlib/lpi_bgindy,100359
LPnetlib/lpi_bgprtr,11186
LPnetlib/lpi_box1,13294
LPnetlib/lpi_ceria3d,34267
LPnetlib/lpi_chemcom,15441
LPnetlib/lpi_cplex1,48662
LPnetlib/lpi_cplex2,14176
LPnetlib/lpi_ex72a,13087
LPnetlib/lpi_ex73a,13063
LPnetlib/lpi_forest6,12450
LPnetlib/lpi_galenet,10772
LPnetlib/lpi_gosh,173056
LPnetlib/lpi_gran,49005
LPnetlib/lpi_greenbea,86684
LPnetlib/lpi_itest2,11940
LPnetlib/lpi_itest6,11972
LPnetlib/lpi_klein1,12080
LPnetlib/lpi_klein2,18027
LPnetlib/lpi_klein3,27912
LPnetlib/lpi_mondou2,13279
LPnetlib/lpi_pang,18864
LPnetlib/lpi_pilot4i,23977
LPnetlib/lpi_qual,17838
LPnetlib/lpi_reactor,16558
LPnetlib/lpi_refinery,17718
LPnetlib/lp_israel,18022
LPnetlib/lpi_vol1,17918
LPnetlib/lpi_woodinfe,12231
LPnetlib/lp_kb2,13664
LPnetlib/lp_ken_07,30404
LPnetlib/lp_ken_11,130239
LPnetlib/lp_ken_13,234496
LPnetlib/lp_ken_18,859423
LPnetlib/lp_lotfi,14494
LPnetlib/lp_maros,35598
LPnetlib/lp_maros_r7,174431
LPnetlib/lp_maros_r7,174431
LPnetlib/lp_modszk1,23729
LPnetlib/lp_osa_07,447792
LPnetlib/lp_osa_14,923164
LPnetlib/lp_osa_30,1686101
LPnetlib/lp_osa_60,3836204
LPnetlib/lp_pds_02,48945
LPnetlib/lp_pds_06,160412
LPnetlib/lp_pds_10,271724
LPnetlib/lp_pds_20,574912
LPnetlib/lp_perold,27046
LPnetlib/lp_pilot4,25474
LPnetlib/lp_pilot87,383408
LPnetlib/lp_pilot,176605
LPnetlib/lp_pilot_ja,46700
LPnetlib/lp_pilotnov,41417
LPnetlib/lp_pilot_we,41030
LPnetlib/lp_pilot4,25474
LPnetlib/lp_pilot87,383408
LPnetlib/lp_pilot_ja,46700
LPnetlib/lp_pilotnov,41417
LPnetlib/lp_pilot_we,41030
LPnetlib/lp_qap12,86759
LPnetlib/lp_qap15,198156
LPnetlib/lp_qap8,29308
LPnetlib/lp_recipe,13437
LPnetlib/lp_sc105,12297
LPnetlib/lp_sc205,12872
LPnetlib/lp_sc50a,11867
LPnetlib/lp_sc50b,11843
LPnetlib/lp_scagr25,14824
LPnetlib/lp_scagr7,13403
LPnetlib/lp_scfxm1,20997
LPnetlib/lp_scfxm2,24928
LPnetlib/lp_scfxm3,29345
LPnetlib/lp_scorpion,14809
LPnetlib/lp_scrs8,19398
LPnetlib/lp_scsd1,15901
LPnetlib/lp_scsd6,19947
LPnetlib/lp_scsd8,26905
LPnetlib/lp_sctap1,14126
LPnetlib/lp_sctap2,21938
LPnetlib/lp_sctap3,25672
LPnetlib/lp_share1b,16633
LPnetlib/lp_share2b,15448
LPnetlib/lp_shell,19520
LPnetlib/lp_ship04l,20377
LPnetlib/lp_ship04s,17877
LPnetlib/lp_ship08l,29808
LPnetlib/lp_ship08s,22444
LPnetlib/lp_ship12l,35143
LPnetlib/lp_ship12s,24359
LPnetlib/lp_sierra,25623
LPnetlib/lp_stair,32872
LPnetlib/lp_standata,19178
LPnetlib/lp_standgub,19651
LPnetlib/lp_standmps,19472
LPnetlib/lp_stocfor1,13685
LPnetlib/lp_stocfor2,30973
LPnetlib/lp_stocfor3,165362
LPnetlib/lp_truss,56763
LPnetlib/lp_tuff,21365
LPnetlib/lp_vtp_base,14088
LPnetlib/lp_wood1p,93950
LPnetlib/lp_woodw,81084
Lucifora/cell1,101285
Lucifora/cell2,103751
Luong/photogrammetry2,195434
Luong/photogrammetry,83773
Luong/photogrammetry2,195434
Mallya/lhr01,151934
Mallya/lhr02,277466
Mallya/lhr04c,644785
Mallya/lhr04,644192
Mallya/lhr04c,644785
Mallya/lhr07c,1194224
Mallya/lhr07,1194192
Mallya/lhr07c,1194224
Mallya/lhr10c,1709907
Mallya/lhr10,1708812
Mallya/lhr10c,1709907
Mallya/lhr11c,1718010
Mallya/lhr11,1720089
Mallya/lhr11c,1718010
Mallya/lhr14c,2263980
Mallya/lhr14,2268262
Mallya/lhr14c,2263980
Mallya/lhr17c,2798997
Mallya/lhr17,2805225
Mallya/lhr17c,2798997
Mallya/lhr34c,5347006
Mallya/lhr34,5335718
Mallya/lhr34c,5347006
Mallya/lhr71c,10687522
Mallya/lhr71,10662189
Mallya/lhr71c,10687522
Mancktelow/viscorocks,6204490
Marini/eurqsa,144251
Martin/marine1,58734711
MathWorks/Harvard500,11736
MathWorks/Kaufhold,288535
MathWorks/Kuu,595970
MathWorks/Muu,217046
MathWorks/Pd,52639
MathWorks/Pd_rhs,35408
MathWorks/Pd_rhs,35408
MathWorks/pivtol,10790
MathWorks/QRpivot,21862
MathWorks/Sieber,94537
MathWorks/tomography,185435
MathWorks/TS,42824
MAWI/mawi_201512012345,35995417
MAWI/mawi_201512020000,69392425
MAWI/mawi_201512020030,132136814
MAWI/mawi_201512020130,247381720
MAWI/mawi_201512020330,448094199
MaxPlanck/shallow_water1,1917098
MaxPlanck/shallow_water2,1934920
Mazaheri/bundle_adj,74165774
McRae/ecology1,5735005
McRae/ecology2,5735175
Meng/iChem_Jacobian,10737596
Meszaros/aa01,73766
Meszaros/aa03,70073
Meszaros/aa3,70065
Meszaros/aa4,59694
Meszaros/aa5,67869
Meszaros/aa6,60251
Meszaros/air02,60923
Meszaros/air03,97381
Meszaros/air04,73766
Meszaros/air05,59702
Meszaros/air06,70073
Meszaros/aircraft,32484
Meszaros/bas1lp,170712
Meszaros/baxter,282227
Meszaros/car4,129232
Meszaros/cari,199950
Meszaros/cep1,25688
Meszaros/ch,65184
Meszaros/co5,116054
Meszaros/co9,215866
Meszaros/complex,37874
Meszaros/cq5,107634
Meszaros/cq9,196225
Meszaros/cr42,43836
Meszaros/crew1,49738
Meszaros/dano3mip,166856
Meszaros/dbic1,1949112
Meszaros/dbir1,830157
Meszaros/dbir2,928687
Meszaros/de063155,23496
Meszaros/de063157,25590
Meszaros/de080285,25973
Meszaros/degme,22919217
Meszaros/delf,61570
Meszaros/deter0,37577
Meszaros/deter1,92518
Meszaros/deter2,104187
Meszaros/deter3,125175
Meszaros/deter4,63522
Meszaros/deter5,84474
Meszaros/deter6,72799
Meszaros/deter7,105396
Meszaros/deter8,66333
Meszaros/df2177,49650
Meszaros/e18,294702
Meszaros/ex3sta1,151401
Meszaros/farm,9421
Meszaros/fxm2-16,64747
Meszaros/fxm2-6,33445
Meszaros/fxm3_16,555434
Meszaros/fxm3_6,89852
Meszaros/fxm4_6,346006
Meszaros/gams10a,10110
Meszaros/gams10am,10118
Meszaros/gams10am,10118
Meszaros/gams30a,11685
Meszaros/gams30am,11693
Meszaros/gams30am,11693
Meszaros/gams60am,14050
Meszaros/gas11,15915
Meszaros/ge,144122
Meszaros/gen1,398311
Meszaros/gen2,638954
Meszaros/gen4,764702
Meszaros/gen,398311
Meszaros/gen1,398311
Meszaros/gen2,638954
Meszaros/gen4,764702
Meszaros/gen,398311
Meszaros/gen1,398311
Meszaros/gen2,638954
Meszaros/gen4,764702
Meszaros/iiasa,22963
Meszaros/iprob,49575
Meszaros/jendrec1,401317
Meszaros/karted,5125375
Meszaros/kl02,304019
Meszaros/kleemin,9441
Meszaros/l30,75336
Meszaros/l9,15105
Meszaros/large,76679
Meszaros/lp22,132935
Meszaros/lpl2,68475
Meszaros/lpl3,204475
Meszaros/mod2,475359
Meszaros/model10,466403
Meszaros/model1,17188
Meszaros/model10,466403
Meszaros/model2,24294
Meszaros/model3,70988
Meszaros/model4,146147
Meszaros/model5,206975
Meszaros/model6,112818
Meszaros/model7,131590
Meszaros/model8,57768
Meszaros/model9,181481
Meszaros/nemsafm,15333
Meszaros/nemscem,17090
Meszaros/nemsemm1,1077555
Meszaros/nemsemm2,386315
Meszaros/nemspmm1,135615
Meszaros/nemspmm2,112813
Meszaros/nemswrld,473737
Meszaros/nl,117312
Meszaros/nsct,386970
Meszaros/nsic,14841
Meszaros/nsir,132184
Meszaros/nw14,1274566
Meszaros/p0033,9548
Meszaros/p0040,9514
Meszaros/p010,208528
Meszaros/p0201,10931
Meszaros/p0282,11825
Meszaros/p0291,12138
Meszaros/p0548,12641
Meszaros/p05,63597
Meszaros/p0548,12641
Meszaros/p2756,24311
Meszaros/p6000,61718
Meszaros/pcb1000,34892
Meszaros/pcb3000,83232
Meszaros/pf2177,75544
Meszaros/pgp2,51917
Meszaros/plddb,31528
Meszaros/pltexpa,302379
Meszaros/primagaz,51380
Meszaros/problem,9459
Meszaros/progas,24443
Meszaros/qiulp,18652
Meszaros/r05,141823
Meszaros/rat,320007
Meszaros/refine,9636
Meszaros/rlfddd,353728
Meszaros/rlfdual,408695
Meszaros/rlfprim,521469
Meszaros/rosen10,81448
Meszaros/rosen1,32256
Meszaros/rosen10,81448
Meszaros/rosen2,54887
Meszaros/rosen7,17470
Meszaros/rosen8,26141
Meszaros/route,426051
Meszaros/sc205-2r,303245
Meszaros/scagr7-2b,79030
Meszaros/scagr7-2c,26726
Meszaros/scagr7-2r,232602
Meszaros/scfxm1-2b,205199
Meszaros/scfxm1-2r,407923
Meszaros/scrs8-2b,24998
Meszaros/scrs8-2c,25006
Meszaros/scrs8-2r,133308
Meszaros/scsd8-2b,181096
Meszaros/scsd8-2c,181096
Meszaros/scsd8-2r,302011
Meszaros/sctap1-2b,171495
Meszaros/sctap1-2c,43019
Meszaros/sctap1-2r,266376
Meszaros/seymourl,62140
Meszaros/slptsk,146511
Meszaros/small,19666
Meszaros/south31,357226
Meszaros/stat96v1,511482
Meszaros/stat96v2,2402441
Meszaros/stat96v3,2788668
Meszaros/stat96v4,600121
Meszaros/stat96v5,205460
Meszaros/stoch_aircraft,32508
Meszaros/stormg2-125,1047955
Meszaros/stormg2-27,233826
Meszaros/stormg2-8,75633
Meszaros/t0331-4l,720395
Meszaros/testbig,150211
Meszaros/tp-6,31663896
Meszaros/ts-palko,3124733
Meszaros/ulevimin,407359
Meszaros/us04,490726
Meszaros/world,480635
Meszaros/zed,11641
Mittelmann/cont11_l,10631062
Mittelmann/cont1_l,12103701
Mittelmann/fome11,233817
Mittelmann/fome12,463793
Mittelmann/fome13,918490
Mittelmann/fome20,572704
Mittelmann/fome21,1138505
Mittelmann/neos1,947110
Mittelmann/neos2,1005509
Mittelmann/neos3,3573639
Mittelmann/neos,3091628
Mittelmann/neos1,947110
Mittelmann/neos2,1005509
Mittelmann/neos3,3573639
Mittelmann/nug08-3rd,300230
Mittelmann/pds-100,2637405
Mittelmann/pds-30,836559
Mittelmann/pds-40,1137564
Mittelmann/pds-50,1438066
Mittelmann/pds-60,1742367
Mittelmann/pds-70,2015111
Mittelmann/pds-80,2237434
Mittelmann/pds-90,2438479
Mittelmann/rail2586,11617550
Mittelmann/rail4284,16584598
Mittelmann/rail507,584313
Mittelmann/rail516,471114
Mittelmann/rail582,579729
Mittelmann/sgpf5y6,1718972
Mittelmann/spal_004,171365719
Mittelmann/stormG2_1000,8251309
Mittelmann/watson_1,4394962
Mittelmann/watson_2,6449053
MKS/fp,5847527
ML_Graph/Binaryalphadigs_10NN,55092
ML_Graph/breasttissue_10NN,16922
ML_Graph/cnae9_10NN,33953
ML_Graph/collins_15NN,77806
ML_Graph/dataset12mfeatfactors_10NN,127495
ML_Graph/dataset16mfeatkarhunen_10NN,128021
ML_Graph/dataset18mfeatmorphological_10NN,102872
ML_Graph/dataset20mfeatpixel_10NN,126109
ML_Graph/dataset22mfeatzernike_10NN,126889
ML_Graph/dermatology_5NN,16971
ML_Graph/Ecoli_10NN,29539
ML_Graph/Fashion_MNIST_norm_10NN,756668
ML_Graph/Glass_10NN,23357
ML_Graph/har_10NN,684044
ML_Graph/indianpines_10NN,549833
ML_Graph/iris_dataset_30NN,28989
ML_Graph/JapaneseVowelsSmall_10NN,586487
ML_Graph/k49_norm_10NN,3009604
ML_Graph/kmnist_norm_10NN,750093
ML_Graph/mice_10NN,65860
ML_Graph/micromass_10NN,50855
ML_Graph/mnist_test_norm_10NN,691041
ML_Graph/Olivetti_norm_10NN,34452
ML_Graph/optdigits_10NN,342762
ML_Graph/Plants_10NN,103263
ML_Graph/plantsmargin_12NN,118739
ML_Graph/plantstexture_10NN,100946
ML_Graph/semeion_10NN,57224
ML_Graph/Spectro_10NN,42266
ML_Graph/umistfacesnorm_10NN,39127
ML_Graph/usps_norm_5NN,353900
ML_Graph/Vehicle_10NN,56920
ML_Graph/worms20_10NN,1061078
ML_Graph/YaleA_10NN,20249
ML_Graph/YaleB_10NN,160996
ML_Graph/yeast_30NN,244171
Moqri/MISKnowledgeMap,89034
Morandini/robot,13670
Morandini/rotor1,11681
Morandini/rotor2,57150
Muite/Chebyshev1,24258
Muite/Chebyshev2,116332
Muite/Chebyshev3,232506
Muite/Chebyshev4,40695526
Mulvey/finan512,3021946
Mulvey/pfinan512,585900
Mycielski/mycielskian10,23807
Mycielski/mycielskian11,50595
Mycielski/mycielskian12,144711
Mycielski/mycielskian13,472072
Mycielski/mycielskian14,1549221
Mycielski/mycielskian15,5173254
Mycielski/mycielskian16,17245211
Mycielski/mycielskian17,73451245
Mycielski/mycielskian18,219045969
Mycielski/mycielskian19,653287248
Mycielski/mycielskian20,1943362147
Mycielski/mycielskian2,10749
Mycielski/mycielskian20,1943362147
Mycielski/mycielskian3,10756
Mycielski/mycielskian4,10785
Mycielski/mycielskian5,10831
Mycielski/mycielskian6,10955
Mycielski/mycielskian7,11274
Mycielski/mycielskian8,12102
Mycielski/mycielskian9,15613
Nasa/barth4,53641
Nasa/barth5,121631
Nasa/barth,65705
Nasa/barth4,53641
Nasa/barth5,121631
Nasa/nasa1824,98901
Nasa/nasa2146,314437
Nasa/nasa2910,432143
Nasa/nasa4704,238298
Nasa/nasasrb,8625263
Nasa/pwt,267045
Nasa/shuttle_eddy,85650
Nasa/skirt,129674
ND/nd12k,46368223
ND/nd24k,92858809
ND/nd3k,10710013
ND/nd6k,22508828
Negre/dendrimer,271327
Nemeth/nemeth01,1532181
Nemeth/nemeth02,1192914
Nemeth/nemeth03,1219819
Nemeth/nemeth04,1241597
Nemeth/nemeth05,1263120
Nemeth/nemeth06,1280142
Nemeth/nemeth07,1294457
Nemeth/nemeth08,1313822
Nemeth/nemeth09,1333326
Nemeth/nemeth10,1372244
Nemeth/nemeth11,1415022
Nemeth/nemeth12,1558945
Nemeth/nemeth13,1669498
Nemeth/nemeth14,1773499
Nemeth/nemeth15,1979735
Nemeth/nemeth16,2166491
Nemeth/nemeth17,2353166
Nemeth/nemeth18,2626156
Nemeth/nemeth19,3112715
Nemeth/nemeth20,3695027
Nemeth/nemeth21,4536816
Nemeth/nemeth22,5263550
Nemeth/nemeth23,5794111
Nemeth/nemeth24,5785900
Nemeth/nemeth25,5800226
Nemeth/nemeth26,5800060
Newman/adjnoun,10569
Newman/as-22july06,114917
Newman/astro-ph,352501
Newman/celegansneural,15341
Newman/cond-mat-2003,415305
Newman/cond-mat-2005,624349
Newman/cond-mat,158638
Newman/cond-mat-2003,415305
Newman/cond-mat-2005,624349
Newman/dolphins,10906
Newman/football,11960
Newman/hep-th,66939
Newman/karate,9903
Newman/lesmis,10381
Newman/netscience,17831
Newman/polblogs,34210
Newman/polbooks,11094
Newman/power,29388
Norris/fv1,81303
Norris/fv2,82696
Norris/fv3,80534
Norris/heart1,10956867
Norris/heart2,5366582
Norris/heart3,5361441
Norris/lung1,39273
Norris/lung2,1522912
Norris/stomach,19338008
Norris/torso1,60055720
Norris/torso2,7262809
Norris/torso3,27519277
NYPA/Maragal_1,10072
NYPA/Maragal_2,25490
NYPA/Maragal_3,74550
NYPA/Maragal_4,93359
NYPA/Maragal_5,324424
NYPA/Maragal_6,2146624
NYPA/Maragal_7,5442476
NYPA/Maragal_8,6283266
Oberwolfach/bone010,35828481
Oberwolfach/boneS01,5094701
Oberwolfach/boneS10,36277192
Oberwolfach/chipcool0,2436492
Oberwolfach/chipcool1,2698524
Oberwolfach/filter2D,59184
Oberwolfach/filter3D,12712171
Oberwolfach/flowmeter0,270234
Oberwolfach/flowmeter5,453216
Oberwolfach/gas_sensor,4646794
Oberwolfach/gyro,3556725
Oberwolfach/gyro_k,3556549
Oberwolfach/gyro_m,578312
Oberwolfach/gyro_k,3556549
Oberwolfach/gyro_m,578312
Oberwolfach/inlet,2706605
Oberwolfach/LF10000,104555
Oberwolfach/LF10,9414
Oberwolfach/LF10000,104555
Oberwolfach/LFAT5000,98518
Oberwolfach/LFAT5,9414
Oberwolfach/LFAT5000,98518
Oberwolfach/piston,485817
Oberwolfach/rail_1357,41058
Oberwolfach/rail_20209,317059
Oberwolfach/rail_5177,105388
Oberwolfach/rail_79841,1079961
Oberwolfach/spiral,37291
Oberwolfach/t2dah_a,471902
Oberwolfach/t2dah,472078
Oberwolfach/t2dah_e,426991
Oberwolfach/t2dah_a,471902
Oberwolfach/t2dah_e,426991
Oberwolfach/t2dal_a,104570
Oberwolfach/t2dal_bci,104668
Oberwolfach/t2dal,104746
Oberwolfach/t2dal_e,37505
Oberwolfach/t2dal_a,104570
Oberwolfach/t2dal_bci,104668
Oberwolfach/t2dal_e,37505
Oberwolfach/t3dh_a,9848416
Oberwolfach/t3dh,9848592
Oberwolfach/t3dh_e,8459792
Oberwolfach/t3dh_a,9848416
Oberwolfach/t3dh_e,8459792
Oberwolfach/t3dl_a,1096112
Oberwolfach/t3dl,1096288
Oberwolfach/t3dl_e,132965
Oberwolfach/t3dl_a,1096112
Oberwolfach/t3dl_e,132965
Oberwolfach/windscreen,11929106
Okunbor/aft01,507778
Okunbor/aft02,833645
Pajek/California,41477
Pajek/Cities,11173
Pajek/CSphd,13920
Pajek/dictionary28,214050
Pajek/divorce,9799
Pajek/EAT_RS,896361
Pajek/EAT_SR,873438
Pajek/EPA,27449
Pajek/Erdos02,31516
Pajek/Erdos971,11966
Pajek/Erdos972,27756
Pajek/Erdos981,12084
Pajek/Erdos982,28635
Pajek/Erdos991,12145
Pajek/Erdos992,29110
Pajek/EVA,25105
Pajek/FA,296206
Pajek/foldoc,210711
Pajek/football,9921
Pajek/GD00_a,10781
Pajek/GD00_c,12138
Pajek/GD01_a,10977
Pajek/GD01_Acap,11375
Pajek/GD01_b,9806
Pajek/GD01_c,9899
Pajek/GD02_a,9844
Pajek/GD02_b,10047
Pajek/GD06_Java,21116
Pajek/GD06_theory,10177
Pajek/GD95_a,9845
Pajek/GD95_b,9909
Pajek/GD95_c,10053
Pajek/GD96_a,14135
Pajek/GD96_b,9970
Pajek/GD96_c,9961
Pajek/GD96_d,10169
Pajek/GD97_a,9852
Pajek/GD97_b,11182
Pajek/GD97_c,10578
Pajek/GD98_a,9833
Pajek/GD98_b,10084
Pajek/GD98_c,10045
Pajek/GD99_b,9818
Pajek/GD99_c,10008
Pajek/geom,41223
Pajek/GlossGT,10170
Pajek/HEP-th,566393
Pajek/HEP-th-new,584252
Pajek/HEP-th-new,584252
Pajek/IMDB,11977413
Pajek/internet,733828
Pajek/Journals,19975
Pajek/Kohonen,33643
Pajek/Lederberg,83982
Pajek/ODLIS,41063
Pajek/patents,51106598
Pajek/patents_main,2883285
Pajek/patents_main,2883285
Pajek/Ragusa16,9693
Pajek/Ragusa18,9672
Pajek/Reuters911,386784
Pajek/Roget,18486
Pajek/Sandi_authors,10043
Pajek/Sandi_sandi,11146
Pajek/SciMet,28765
Pajek/SmaGri,17630
Pajek/SmallW,11158
Pajek/Stranke94,11149
Pajek/Tina_AskCal,9815
Pajek/Tina_AskCog,9812
Pajek/Tina_DisCal,9821
Pajek/Tina_DisCog,9819
Pajek/USAir97,19984
Pajek/USpowerGrid,27033
Pajek/Wordnet3,367911
Pajek/WorldCities,17578
Pajek/yeast,25158
Pajek/Zewail,97567
PARSEC/benzene,274853
PARSEC/CO,7413636
PARSEC/Ga10As10H30,13626277
PARSEC/Ga19As19H42,22985932
PARSEC/Ga3As3H12,17779020
PARSEC/Ga41As41H72,48421675
PARSEC/GaAsH6,7110119
PARSEC/Ge87H76,17606393
PARSEC/Ge99H100,19180011
PARSEC/H2O,2345709
PARSEC/Na5,805216
PARSEC/Si10H16,1425359
PARSEC/Si2,36019
PARSEC/Si34H36,6861439
PARSEC/Si41Ge41H72,42531765
PARSEC/Si5H12,945051
PARSEC/Si87H76,16378215
PARSEC/SiH4,180144
PARSEC/SiNa,341187
PARSEC/SiO2,18427312
PARSEC/SiO,1601044
PARSEC/SiO2,18427312
Pereyra/landmark,4416707
POLYFLOW/invextr1_new,14642701
POLYFLOW/mixtank_new,17393225
Pothen/barth4,51770
Pothen/barth5,120817
Pothen/barth,63930
Pothen/barth4,51770
Pothen/barth5,120817
Pothen/bodyy4,551747
Pothen/bodyy5,579262
Pothen/bodyy6,597425
Pothen/commanche_dual,55790
Pothen/mesh1e1,10711
Pothen/mesh1em1,10733
Pothen/mesh1em6,10730
Pothen/mesh2e1,19771
Pothen/mesh2em5,19945
Pothen/mesh3e1,10871
Pothen/mesh3em5,11074
Pothen/onera_dual,516577
Pothen/pwt,266877
Pothen/shuttle_eddy,85498
Pothen/skirt,129514
Pothen/sphere2,9414
Pothen/sphere3,10743
Pothen/tandem_dual,565690
Pothen/tandem_vtx,222234
PowerSystem/power197k,5665527
Precima/analytics,6478659
Priebel/130bit,22153
Priebel/145bit,29840
Priebel/162bit,75613
Priebel/176bit,152863
Priebel/192bit,280972
Priebel/208bit,529393
Puri/ABACUS_shell_hd,1762235
Puri/ABACUS_shell_ld,1762313
Puri/ABACUS_shell_md,1762288
Puri/ABACUS_shell_ud,1542209
Qaplib/lp_nug05,10865
Qaplib/lp_nug06,12812
Qaplib/lp_nug07,16339
Qaplib/lp_nug08,21531
Qaplib/lp_nug12,80378
Qaplib/lp_nug15,197078
Qaplib/lp_nug20,656630
Qaplib/lp_nug30,3442297
QCD/conf5_0-4x4-10,455562
QCD/conf5_0-4x4-14,454932
QCD/conf5_0-4x4-18,454905
QCD/conf5_0-4x4-22,455127
QCD/conf5_0-4x4-26,455342
QCD/conf5_4-8x8-05,7498891
QCD/conf5_4-8x8-10,7496367
QCD/conf5_4-8x8-15,7495392
QCD/conf5_4-8x8-20,7497130
QCD/conf6_0-4x4-20,455223
QCD/conf6_0-4x4-30,454842
QCD/conf6_0-8x8-20,7497009
QCD/conf6_0-8x8-30,7498068
QCD/conf6_0-8x8-80,7498013
QLi/crashbasis,11893371
QLi/largebasis,4334411
QLi/majorbasis,13357789
Quaglino/viscoplastic1,313331
Quaglino/viscoplastic2,1453057
QY/case39,365006
QY/case9,96781
Rajat/Raj1,3468636
Rajat/rajat01,73633
Rajat/rajat02,19755
Rajat/rajat03,74595
Rajat/rajat04,58468
Rajat/rajat05,13390
Rajat/rajat06,70869
Rajat/rajat07,93573
Rajat/rajat08,119235
Rajat/rajat09,148851
Rajat/rajat10,181533
Rajat/rajat11,12159
Rajat/rajat12,50297
Rajat/rajat13,134621
Rajat/rajat14,16940
Rajat/rajat15,2541143
Rajat/rajat16,1413272
Rajat/rajat17,2744151
Rajat/rajat18,1723109
Rajat/rajat19,22720
Rajat/rajat20,3710505
Rajat/rajat21,4368219
Rajat/rajat22,946974
Rajat/rajat23,2545788
Rajat/rajat24,7997786
Rajat/rajat25,2416867
Rajat/rajat26,1205335
Rajat/rajat27,558837
Rajat/rajat28,2365567
Rajat/rajat29,9719251
Rajat/rajat30,16933762
Rajat/rajat31,43953022
Raju/laminar_duct3D,17626133
Rommes/bauru5727,809556
Rommes/bips07_1693,270283
Rommes/bips07_1998,353989
Rommes/bips07_2476,373863
Rommes/bips07_3078,404440
Rommes/bips98_1142,240132
Rommes/bips98_1450,254779
Rommes/bips98_606,215106
Rommes/descriptor_xingo6u,418593
Rommes/juba40k,809278
Rommes/M10PI_n1,19881
Rommes/M10PI_n,20693
Rommes/M10PI_n1,19881
Rommes/M20PI_n1,22061
Rommes/M20PI_n,22926
Rommes/M20PI_n1,22061
Rommes/M40PI_n1,26616
Rommes/M40PI_n,27495
Rommes/M40PI_n1,26616
Rommes/M80PI_n1,35933
Rommes/M80PI_n,36886
Rommes/M80PI_n1,35933
Rommes/mimo28x28_system,268855
Rommes/mimo46x46_system,268333
Rommes/mimo8x8_system,269444
Rommes/nopss_11k,253825
Rommes/S10PI_n1,19881
Rommes/S10PI_n,20693
Rommes/S10PI_n1,19881
Rommes/S20PI_n1,22061
Rommes/S20PI_n,22926
Rommes/S20PI_n1,22061
Rommes/S40PI_n1,26616
Rommes/S40PI_n,27495
Rommes/S40PI_n1,26616
Rommes/S80PI_n1,35933
Rommes/S80PI_n,36886
Rommes/S80PI_n1,35933
Rommes/ww_36_pmec_36,26054
Rommes/ww_vref_6405,268847
Rommes/xingo3012,401566
Rommes/xingo_afonso_itaipu,268333
Rommes/zeros_nopss_13k,268720
Ronis/xenon1,3777383
Ronis/xenon2,12294686
Rost/RFdevice,1125617
Rothberg/3dtube,609088
Rothberg/cfd1,8052978
Rothberg/cfd2,13474297
Rothberg/gearbox,1916315
Rothberg/struct3,512859
Rothberg/struct4,109716
Rucci/Rucci1,13032451
Rudnyi/water_tank,8359973
Sandia/adder_dcop_01,43751
Sandia/adder_dcop_02,79106
Sandia/adder_dcop_03,92128
Sandia/adder_dcop_04,95073
Sandia/adder_dcop_05,95825
Sandia/adder_dcop_06,95881
Sandia/adder_dcop_07,97020
Sandia/adder_dcop_08,95968
Sandia/adder_dcop_09,94683
Sandia/adder_dcop_10,95856
Sandia/adder_dcop_11,95086
Sandia/adder_dcop_12,93670
Sandia/adder_dcop_13,93048
Sandia/adder_dcop_14,91195
Sandia/adder_dcop_15,90397
Sandia/adder_dcop_16,92309
Sandia/adder_dcop_17,92582
Sandia/adder_dcop_18,90125
Sandia/adder_dcop_19,87006
Sandia/adder_dcop_20,88706
Sandia/adder_dcop_21,87122
Sandia/adder_dcop_22,83472
Sandia/adder_dcop_23,83081
Sandia/adder_dcop_24,78065
Sandia/adder_dcop_25,77024
Sandia/adder_dcop_26,83040
Sandia/adder_dcop_27,79276
Sandia/adder_dcop_28,77566
Sandia/adder_dcop_29,78835
Sandia/adder_dcop_30,77519
Sandia/adder_dcop_31,73116
Sandia/adder_dcop_32,74887
Sandia/adder_dcop_33,76932
Sandia/adder_dcop_34,74106
Sandia/adder_dcop_35,77216
Sandia/adder_dcop_36,74186
Sandia/adder_dcop_37,79866
Sandia/adder_dcop_38,76887
Sandia/adder_dcop_39,73606
Sandia/adder_dcop_40,71064
Sandia/adder_dcop_41,70830
Sandia/adder_dcop_42,71606
Sandia/adder_dcop_43,68890
Sandia/adder_dcop_44,68547
Sandia/adder_dcop_45,65803
Sandia/adder_dcop_46,65674
Sandia/adder_dcop_47,63241
Sandia/adder_dcop_48,64901
Sandia/adder_dcop_49,66461
Sandia/adder_dcop_50,67147
Sandia/adder_dcop_51,67751
Sandia/adder_dcop_52,66583
Sandia/adder_dcop_53,66207
Sandia/adder_dcop_54,66983
Sandia/adder_dcop_55,65938
Sandia/adder_dcop_56,66056
Sandia/adder_dcop_57,64289
Sandia/adder_dcop_58,61445
Sandia/adder_dcop_59,60303
Sandia/adder_dcop_60,59741
Sandia/adder_dcop_61,59274
Sandia/adder_dcop_62,59162
Sandia/adder_dcop_63,58664
Sandia/adder_dcop_64,58692
Sandia/adder_dcop_65,58569
Sandia/adder_dcop_66,58420
Sandia/adder_dcop_67,58430
Sandia/adder_dcop_68,58605
Sandia/adder_dcop_69,58161
Sandia/adder_trans_01,102158
Sandia/adder_trans_02,102120
Sandia/ASIC_100k,2362582
Sandia/ASIC_100ks,1626164
Sandia/ASIC_100ks,1626164
Sandia/ASIC_320k,6024033
Sandia/ASIC_320ks,4481502
Sandia/ASIC_320ks,4481502
Sandia/ASIC_680k,7852265
Sandia/ASIC_680ks,6366928
Sandia/ASIC_680ks,6366928
Sandia/fpga_dcop_01,20801
Sandia/fpga_dcop_02,43272
Sandia/fpga_dcop_03,44111
Sandia/fpga_dcop_04,43892
Sandia/fpga_dcop_05,43581
Sandia/fpga_dcop_06,43719
Sandia/fpga_dcop_07,43742
Sandia/fpga_dcop_08,43797
Sandia/fpga_dcop_09,43778
Sandia/fpga_dcop_10,43468
Sandia/fpga_dcop_11,43143
Sandia/fpga_dcop_12,43230
Sandia/fpga_dcop_13,43469
Sandia/fpga_dcop_14,43434
Sandia/fpga_dcop_15,42710
Sandia/fpga_dcop_16,42229
Sandia/fpga_dcop_17,42108
Sandia/fpga_dcop_18,41514
Sandia/fpga_dcop_19,40434
Sandia/fpga_dcop_20,39775
Sandia/fpga_dcop_21,39590
Sandia/fpga_dcop_22,39548
Sandia/fpga_dcop_23,39432
Sandia/fpga_dcop_24,38947
Sandia/fpga_dcop_25,38899
Sandia/fpga_dcop_26,38287
Sandia/fpga_dcop_27,37147
Sandia/fpga_dcop_28,36834
Sandia/fpga_dcop_29,35762
Sandia/fpga_dcop_30,35710
Sandia/fpga_dcop_31,36019
Sandia/fpga_dcop_32,36166
Sandia/fpga_dcop_33,34828
Sandia/fpga_dcop_34,35477
Sandia/fpga_dcop_35,32798
Sandia/fpga_dcop_36,30350
Sandia/fpga_dcop_37,30673
Sandia/fpga_dcop_38,29315
Sandia/fpga_dcop_39,28354
Sandia/fpga_dcop_40,27853
Sandia/fpga_dcop_41,27718
Sandia/fpga_dcop_42,27034
Sandia/fpga_dcop_43,26765
Sandia/fpga_dcop_44,26639
Sandia/fpga_dcop_45,26380
Sandia/fpga_dcop_46,26131
Sandia/fpga_dcop_47,26047
Sandia/fpga_dcop_48,25789
Sandia/fpga_dcop_49,25598
Sandia/fpga_dcop_50,25541
Sandia/fpga_dcop_51,25254
Sandia/fpga_trans_01,30862
Sandia/fpga_trans_02,54587
Sandia/init_adder1,43743
Sandia/mult_dcop_01,607835
Sandia/mult_dcop_02,1110866
Sandia/mult_dcop_03,1067137
Sandia/oscil_dcop_01,14219
Sandia/oscil_dcop_02,15658
Sandia/oscil_dcop_03,16032
Sandia/oscil_dcop_04,16148
Sandia/oscil_dcop_05,16264
Sandia/oscil_dcop_06,16194
Sandia/oscil_dcop_07,16296
Sandia/oscil_dcop_08,16303
Sandia/oscil_dcop_09,16346
Sandia/oscil_dcop_10,16512
Sandia/oscil_dcop_11,16655
Sandia/oscil_dcop_12,16812
Sandia/oscil_dcop_13,16860
Sandia/oscil_dcop_14,16841
Sandia/oscil_dcop_15,16897
Sandia/oscil_dcop_16,16893
Sandia/oscil_dcop_17,16845
Sandia/oscil_dcop_18,16919
Sandia/oscil_dcop_19,16845
Sandia/oscil_dcop_20,16789
Sandia/oscil_dcop_21,16826
Sandia/oscil_dcop_22,16826
Sandia/oscil_dcop_23,16849
Sandia/oscil_dcop_24,16815
Sandia/oscil_dcop_25,16788
Sandia/oscil_dcop_26,16669
Sandia/oscil_dcop_27,16719
Sandia/oscil_dcop_28,16681
Sandia/oscil_dcop_29,16656
Sandia/oscil_dcop_30,16638
Sandia/oscil_dcop_31,16645
Sandia/oscil_dcop_32,16638
Sandia/oscil_dcop_33,16612
Sandia/oscil_dcop_34,16579
Sandia/oscil_dcop_35,16539
Sandia/oscil_dcop_36,16503
Sandia/oscil_dcop_37,16453
Sandia/oscil_dcop_38,16400
Sandia/oscil_dcop_39,16361
Sandia/oscil_dcop_40,16319
Sandia/oscil_dcop_41,16276
Sandia/oscil_dcop_42,16248
Sandia/oscil_dcop_43,16216
Sandia/oscil_dcop_44,16187
Sandia/oscil_dcop_45,16148
Sandia/oscil_dcop_46,16138
Sandia/oscil_dcop_47,16105
Sandia/oscil_dcop_48,16063
Sandia/oscil_dcop_49,16046
Sandia/oscil_dcop_50,16032
Sandia/oscil_dcop_51,16049
Sandia/oscil_dcop_52,16041
Sandia/oscil_dcop_53,16036
Sandia/oscil_dcop_54,15990
Sandia/oscil_dcop_55,15886
Sandia/oscil_dcop_56,15825
Sandia/oscil_dcop_57,15744
Sandia/oscil_trans_01,16037
Sanghavi/ecl32,2381625
Schenk_AFE/af_0_k101,70158362
Schenk_AFE/af_1_k101,70411606
Schenk_AFE/af_2_k101,70395033
Schenk_AFE/af_3_k101,70609783
Schenk_AFE/af_4_k101,70599714
Schenk_AFE/af_5_k101,70838340
Schenk_AFE/af_shell10,179285607
Schenk_AFE/af_shell1,9910847
Schenk_AFE/af_shell10,179285607
Schenk_AFE/af_shell2,9910847
Schenk_AFE/af_shell3,9914060
Schenk_AFE/af_shell4,9914060
Schenk_AFE/af_shell5,16715698
Schenk_AFE/af_shell6,16715698
Schenk_AFE/af_shell7,16720457
Schenk_AFE/af_shell8,16720457
Schenk_AFE/af_shell9,25063534
Schenk_IBMNA/c-18,62313
Schenk_IBMNA/c-19,82216
Schenk_IBMNA/c-20,77613
Schenk_IBMNA/c-21,117304
Schenk_IBMNA/c-22,107696
Schenk_IBMNA/c-23,113426
Schenk_IBMNA/c-24,117382
Schenk_IBMNA/c-25,135512
Schenk_IBMNA/c-26,129593
Schenk_IBMNA/c-27,119468
Schenk_IBMNA/c-28,120001
Schenk_IBMNA/c-29,151676
Schenk_IBMNA/c-30,115380
Schenk_IBMNA/c-31,209980
Schenk_IBMNA/c-32,129472
Schenk_IBMNA/c-33,148823
Schenk_IBMNA/c-34,200154
Schenk_IBMNA/c-35,215636
Schenk_IBMNA/c-36,191566
Schenk_IBMNA/c-37,232285
Schenk_IBMNA/c-38,266941
Schenk_IBMNA/c-39,272786
Schenk_IBMNA/c-40,92256
Schenk_IBMNA/c-41,352118
Schenk_IBMNA/c-42,327059
Schenk_IBMNA/c-43,253617
Schenk_IBMNA/c-44,295090
Schenk_IBMNA/c-45,192647
Schenk_IBMNA/c-46,360582
Schenk_IBMNA/c-47,456248
Schenk_IBMNA/c-48,521224
Schenk_IBMNA/c-49,543676
Schenk_IBMNA/c-50,553111
Schenk_IBMNA/c-51,664605
Schenk_IBMNA/c-52,661934
Schenk_IBMNA/c-53,1174693
Schenk_IBMNA/c-54,1261898
Schenk_IBMNA/c-56,1007239
Schenk_IBMNA/c-57,1125775
Schenk_IBMNA/c-60,947614
Schenk_IBMNA/c-61,1057285
Schenk_IBMNA/c-62,2713171
Schenk_IBMNA/c-64b,1416588
Schenk_IBMNA/c-64,2858330
Schenk_IBMNA/c-64b,1416588
Schenk_IBMNA/c-65,1173288
Schenk_IBMNA/c-66b,1217108
Schenk_IBMNA/c-66,1191051
Schenk_IBMNA/c-66b,1217108
Schenk_IBMNA/c-67b,1034281
Schenk_IBMNA/c-67,2377665
Schenk_IBMNA/c-67b,1034281
Schenk_IBMNA/c-73b,2024227
Schenk_IBMNA/c-73,6238523
Schenk_IBMNA/c-73b,2024227
Schenk_IBMNA/c-big,7944981
Schenk_IBMSDS/2D_27628_bjtcai,1648285
Schenk_IBMSDS/2D_54019_highK,4326090
Schenk_IBMSDS/3D_28984_Tetra,2227232
Schenk_IBMSDS/3D_51448_3D,4424585
Schenk_IBMSDS/ibm_matrix_2,4431312
Schenk_IBMSDS/matrix_9,8158117
Schenk_IBMSDS/matrix-new_3,7493146
Schenk_ISEI/barrier2-10,19743979
Schenk_ISEI/barrier2-11,19749833
Schenk_ISEI/barrier2-12,19801383
Schenk_ISEI/barrier2-1,19446329
Schenk_ISEI/barrier2-10,19743979
Schenk_ISEI/barrier2-11,19749833
Schenk_ISEI/barrier2-12,19801383
Schenk_ISEI/barrier2-2,19477408
Schenk_ISEI/barrier2-3,19538630
Schenk_ISEI/barrier2-4,19927934
Schenk_ISEI/barrier2-9,19666027
Schenk_ISEI/igbt3,1234676
Schenk_ISEI/nmos3,2291234
Schenk_ISEI/ohne2,62018709
Schenk_ISEI/para-10,21034398
Schenk_ISEI/para-4,25867730
Schenk_ISEI/para-5,19933036
Schenk_ISEI/para-6,19933484
Schenk_ISEI/para-7,19933861
Schenk_ISEI/para-8,21400719
Schenk_ISEI/para-9,21325458
Schenk/nlpkkt120,77840591
Schenk/nlpkkt160,184940652
Schenk/nlpkkt200,364349239
Schenk/nlpkkt240,628458058
Schenk/nlpkkt80,23392516
Schmid/thermal1,3100267
Schmid/thermal2,46667331
Schulthess/N_biocarta,23306
Schulthess/N_pid,32765
Schulthess/N_reactome,105840
Shen/e40r0100,3008029
Shen/shermanACa,193782
Shen/shermanACb,692672
Shen/shermanACd,387264
Shyy/shyy161,2315100
Shyy/shyy41,151283
Simon/appu,17967183
Simon/bbmat,13153362
Simon/olafu,4157622
Simon/raefsky1,2282322
Simon/raefsky2,2286200
Simon/raefsky3,6166786
Simon/raefsky4,5298434
Simon/raefsky5,831401
Simon/raefsky6,605597
Simon/venkat01,13771520
Simon/venkat25,13775791
Simon/venkat50,13777816
Sinclair/3Dspectralwave2,33910618
Sinclair/3Dspectralwave,70867456
Sinclair/3Dspectralwave2,33910618
SNAP/amazon0302,3166084
SNAP/amazon0312,7507209
SNAP/amazon0505,7753601
SNAP/amazon0601,7798474
SNAP/as-735,44909
SNAP/as-caida,283861
SNAP/as-Skitter,18191262
SNAP/ca-AstroPh,340133
SNAP/ca-CondMat,207318
SNAP/ca-GrQc,39834
SNAP/ca-HepPh,149337
SNAP/ca-HepTh,69994
SNAP/cit-HepPh,761099
SNAP/cit-HepTh,588036
SNAP/cit-Patents,56000713
SNAP/CollegeMsg,53851
SNAP/com-Amazon,3046698
SNAP/com-DBLP,2864734
SNAP/com-Friendster,6489626189
SNAP/com-LiveJournal,82668185
SNAP/com-Orkut,309565895
SNAP/com-Youtube,7519571
SNAP/email-Enron,312027
SNAP/email-EuAll,1219485
SNAP/email-Eu-core,45825
SNAP/email-Eu-core-temporal,69120
SNAP/email-Eu-core-temporal,69120
SNAP/higgs-twitter,35259067
SNAP/loc-Brightkite,446010
SNAP/loc-Gowalla,2143753
SNAP/Oregon-1,65322
SNAP/Oregon-2,77238
SNAP/p2p-Gnutella04,93346
SNAP/p2p-Gnutella05,76144
SNAP/p2p-Gnutella06,74950
SNAP/p2p-Gnutella08,52643
SNAP/p2p-Gnutella09,63710
SNAP/p2p-Gnutella24,155351
SNAP/p2p-Gnutella25,130905
SNAP/p2p-Gnutella30,204720
SNAP/p2p-Gnutella31,339339
SNAP/roadNet-CA,7236790
SNAP/roadNet-PA,4031111
SNAP/roadNet-TX,5034943
SNAP/soc-Epinions1,1145245
SNAP/soc-LiveJournal1,171331268
SNAP/soc-Pokec,91915632
SNAP/soc-sign-bitcoin-alpha,67022
SNAP/soc-sign-bitcoin-otc,92056
SNAP/soc-sign-epinions,2146925
SNAP/soc-sign-Slashdot081106,1331429
SNAP/soc-sign-Slashdot090216,1407768
SNAP/soc-sign-Slashdot090221,1417070
SNAP/soc-Slashdot0811,2138173
SNAP/soc-Slashdot0902,2241373
SNAP/sx-askubuntu,1844227
SNAP/sx-mathoverflow,652231
SNAP/sx-stackoverflow,126608153
SNAP/sx-superuser,2822869
SNAP/twitter7,4420294614
SNAP/web-BerkStan,5166403
SNAP/web-Google,16593851
SNAP/web-NotreDame,1565478
SNAP/web-Stanford,5636137
SNAP/wiki-RfA,431937
SNAP/wiki-Talk,12577952
SNAP/wiki-talk-temporal,9380341
SNAP/wiki-topcats,63495936
SNAP/wiki-Vote,159188
Sorensen/Linux_call_graph,2544170
Springer/ESOC,47432659
Stevenson/LargeRegFile,9544026
Sumner/graphics,828517
Sybrandt/AGATHA_2015,19344309724
Sybrandt/MOLIERE_2016,32423776685
Szczerba/Ill_Stokes,1851548
TAMU_SmartGridCenter/ACTIVSg10K,1256697
TAMU_SmartGridCenter/ACTIVSg2000,256478
TAMU_SmartGridCenter/ACTIVSg70K,1506265
TKK/cbuckle,971370
TKK/cyl6,132783
TKK/engine,1736037
TKK/g3rmt3m3,49272
TKK/plbuckle,51849
TKK/s4dkt3m2,752131
TKK/smt,10762680
TKK/t2d_q4,270023
TKK/t2d_q9,270039
TKK/t520,58673
TKK/tube1,180346
TKK/tube2,201214
TOKAMAK/utm1700b,192509
TOKAMAK/utm300,36114
TOKAMAK/utm3060,370351
TOKAMAK/utm5940,739922
Toledo/deltaX,852867
Tromble/language,4721875
TSOPF/TSOPF_FS_b162_c1,332128
TSOPF/TSOPF_FS_b162_c3,867517
TSOPF/TSOPF_FS_b162_c4,1135306
TSOPF/TSOPF_FS_b300_c1,10647664
TSOPF/TSOPF_FS_b300_c2,21190090
TSOPF/TSOPF_FS_b300_c3,31734604
TSOPF/TSOPF_FS_b300,11013301
TSOPF/TSOPF_FS_b300_c1,10647664
TSOPF/TSOPF_FS_b300_c2,21190090
TSOPF/TSOPF_FS_b300_c3,31734604
TSOPF/TSOPF_FS_b39_c19,722818
TSOPF/TSOPF_FS_b39_c30,1131949
TSOPF/TSOPF_FS_b39_c7,281315
TSOPF/TSOPF_FS_b9_c1,26748
TSOPF/TSOPF_FS_b9_c6,95997
TSOPF/TSOPF_RS_b162_c1,241712
TSOPF/TSOPF_RS_b162_c3,669499
TSOPF/TSOPF_RS_b162_c4,884132
TSOPF/TSOPF_RS_b2052_c1,32660653
TSOPF/TSOPF_RS_b2383_c1,93345115
TSOPF/TSOPF_RS_b2383,93341316
TSOPF/TSOPF_RS_b2383_c1,93345115
TSOPF/TSOPF_RS_b300_c1,7370952
TSOPF/TSOPF_RS_b300_c2,14700359
TSOPF/TSOPF_RS_b300_c3,22026405
TSOPF/TSOPF_RS_b39_c19,474107
TSOPF/TSOPF_RS_b39_c30,741056
TSOPF/TSOPF_RS_b39_c7,180716
TSOPF/TSOPF_RS_b678_c1,16725761
TSOPF/TSOPF_RS_b678_c2,33451945
TSOPF/TSOPF_RS_b9_c6,80704
Um/2cubes_sphere,8168971
Um/offshore,21460855
UTEP/Dubcova1,502424
UTEP/Dubcova2,2110243
UTEP/Dubcova3,7539626
vanHeukelum/cage10,424283
vanHeukelum/cage11,1565608
vanHeukelum/cage12,5527318
vanHeukelum/cage13,19802777
vanHeukelum/cage14,73155269
vanHeukelum/cage15,262194932
vanHeukelum/cage3,9210
vanHeukelum/cage4,9311
vanHeukelum/cage5,9873
vanHeukelum/cage6,11397
vanHeukelum/cage7,17235
vanHeukelum/cage8,35510
vanHeukelum/cage9,106852
VanVelzen/std1_Jac2,9052844
VanVelzen/std1_Jac2_db,3103426
VanVelzen/std1_Jac2_db,3103426
VanVelzen/std1_Jac3,10641365
VanVelzen/std1_Jac3_db,3290445
VanVelzen/std1_Jac3_db,3290445
VanVelzen/Zd_Jac2,11945107
VanVelzen/Zd_Jac2_db,4331118
VanVelzen/Zd_Jac2_db,4331118
VanVelzen/Zd_Jac3,14009097
VanVelzen/Zd_Jac3_db,4517214
VanVelzen/Zd_Jac3_db,4517214
VanVelzen/Zd_Jac6,12363644
VanVelzen/Zd_Jac6_db,4190603
VanVelzen/Zd_Jac6_db,4190603
Vavasis/av41092,9998340
VDOL/dynamicSoaringProblem_1,30315
VDOL/dynamicSoaringProblem_2,59580
VDOL/dynamicSoaringProblem_3,94867
VDOL/dynamicSoaringProblem_4,106036
VDOL/dynamicSoaringProblem_5,108935
VDOL/dynamicSoaringProblem_6,111136
VDOL/dynamicSoaringProblem_7,114569
VDOL/dynamicSoaringProblem_8,115394
VDOL/freeFlyingRobot_10,88214
VDOL/freeFlyingRobot_11,88968
VDOL/freeFlyingRobot_12,93506
VDOL/freeFlyingRobot_13,96161
VDOL/freeFlyingRobot_14,98493
VDOL/freeFlyingRobot_15,98514
VDOL/freeFlyingRobot_16,101123
VDOL/freeFlyingRobot_1,24603
VDOL/freeFlyingRobot_10,88214
VDOL/freeFlyingRobot_11,88968
VDOL/freeFlyingRobot_12,93506
VDOL/freeFlyingRobot_13,96161
VDOL/freeFlyingRobot_14,98493
VDOL/freeFlyingRobot_15,98514
VDOL/freeFlyingRobot_16,101123
VDOL/freeFlyingRobot_2,38705
VDOL/freeFlyingRobot_3,41695
VDOL/freeFlyingRobot_4,48566
VDOL/freeFlyingRobot_5,57845
VDOL/freeFlyingRobot_6,64539
VDOL/freeFlyingRobot_7,71705
VDOL/freeFlyingRobot_8,78016
VDOL/freeFlyingRobot_9,86324
VDOL/goddardRocketProblem_1,37011
VDOL/goddardRocketProblem_2,38575
VDOL/hangGlider_1,23713
VDOL/hangGlider_2,62347
VDOL/hangGlider_3,326328
VDOL/hangGlider_4,480132
VDOL/hangGlider_5,494035
VDOL/kineticBatchReactor_1,87535
VDOL/kineticBatchReactor_2,173001
VDOL/kineticBatchReactor_3,202986
VDOL/kineticBatchReactor_4,280739
VDOL/kineticBatchReactor_5,299959
VDOL/kineticBatchReactor_6,306773
VDOL/kineticBatchReactor_7,313474
VDOL/kineticBatchReactor_8,316473
VDOL/kineticBatchReactor_9,319942
VDOL/lowThrust_10,783199
VDOL/lowThrust_11,786215
VDOL/lowThrust_12,791338
VDOL/lowThrust_13,793725
VDOL/lowThrust_1,28681
VDOL/lowThrust_10,783199
VDOL/lowThrust_11,786215
VDOL/lowThrust_12,791338
VDOL/lowThrust_13,793725
VDOL/lowThrust_2,105348
VDOL/lowThrust_3,299375
VDOL/lowThrust_4,576289
VDOL/lowThrust_5,688998
VDOL/lowThrust_6,728010
VDOL/lowThrust_7,746409
VDOL/lowThrust_8,759114
VDOL/lowThrust_9,773853
VDOL/orbitRaising_1,21314
VDOL/orbitRaising_2,30896
VDOL/orbitRaising_3,30287
VDOL/orbitRaising_4,34136
VDOL/reorientation_1,34849
VDOL/reorientation_2,64646
VDOL/reorientation_3,102701
VDOL/reorientation_4,109135
VDOL/reorientation_5,116453
VDOL/reorientation_6,120474
VDOL/reorientation_7,122238
VDOL/reorientation_8,123874
VDOL/spaceShuttleEntry_1,36365
VDOL/spaceShuttleEntry_2,77714
VDOL/spaceShuttleEntry_3,98667
VDOL/spaceShuttleEntry_4,130818
VDOL/spaceStation_10,61505
VDOL/spaceStation_11,65621
VDOL/spaceStation_12,67821
VDOL/spaceStation_13,76962
VDOL/spaceStation_14,78643
VDOL/spaceStation_1,15446
VDOL/spaceStation_10,61505
VDOL/spaceStation_11,65621
VDOL/spaceStation_12,67821
VDOL/spaceStation_13,76962
VDOL/spaceStation_14,78643
VDOL/spaceStation_2,25640
VDOL/spaceStation_3,28678
VDOL/spaceStation_4,48796
VDOL/spaceStation_5,53226
VDOL/spaceStation_6,57995
VDOL/spaceStation_7,59184
VDOL/spaceStation_8,60345
VDOL/spaceStation_9,61728
VDOL/tumorAntiAngiogenesis_1,19412
VDOL/tumorAntiAngiogenesis_2,23017
VDOL/tumorAntiAngiogenesis_3,27636
VDOL/tumorAntiAngiogenesis_4,29545
VDOL/tumorAntiAngiogenesis_5,30280
VDOL/tumorAntiAngiogenesis_6,29825
VDOL/tumorAntiAngiogenesis_7,30037
VDOL/tumorAntiAngiogenesis_8,30570
VLSI/dgreen,288508712
VLSI/imagesensor,10992146
VLSI/mosfet2,9912153
VLSI/nv1,15923022
VLSI/nv2,410808653
VLSI/power9,6441907
VLSI/radiation,57913645
VLSI/ss1,5020644
VLSI/ss,69380214
VLSI/ss1,5020644
VLSI/stokes,1148417680
VLSI/test1,94212137
VLSI/vas_stokes_1M,105832154
VLSI/vas_stokes_2M,171396699
VLSI/vas_stokes_4M,391429119
Wang/swang1,195041
Wang/swang2,200407
Wang/wang1,81168
Wang/wang2,81034
Wang/wang3,342223
Wang/wang4,1032143
Watson/Baumann,3465525
Watson/chem_master1,924887
Williams/cant,2029720
Williams/consph,24267854
Williams/cop20k_A,9644793
Williams/mac_econ_fwd500,4264695
Williams/mc2depi,5887865
Williams/pdb1HYS,13656342
Williams/webbase-1M,6060661
Wissgott/parabolic_fem,7818447
YCheng/psse0,519049
YCheng/psse1,454066
YCheng/psse2,638904
Yoshiyasu/image_interp,1996184
Yoshiyasu/mesh_deform,6756754
YZhou/circuit204,24730
Zaoui/kkt_power,47657490
Zhao/Zhao1,521273
Zhao/Zhao2,521481
Zitney/extr1b,72239
Zitney/extr1,71904
Zitney/extr1b,72239
Zitney/hydr1c,132368
Zitney/hydr1,132374
Zitney/hydr1c,132368
Zitney/radfr1,110504
Zitney/rdist1,738019
Zitney/rdist2,433894
Zitney/rdist3a,489300
