dataset,nnz
IBM_Austin/coupled,98523
IBM_EDA/dc1,766396
IBM_EDA/dc2,766396
IBM_EDA/dc3,766396
IBM_EDA/trans4,766396
IBM_EDA/trans5,766396
IBM_EDA/ckt11752_dc_1,333029
IBM_EDA/ckt11752_tr_0,333029
INPRO/msdoor,10328399
IPSO/HTC_336_4438,565431
IPSO/HTC_336_9129,554881
IPSO/OPF_10000,255799
IPSO/OPF_3754,86854
IPSO/OPF_6000,166160
IPSO/TSC_OPF_1047,1012521
IPSO/TSC_OPF_300,415289
JGD_BIBD/bibd_9_3,252
JGD_BIBD/bibd_9_5,1260
JGD_BIBD/bibd_11_5,4620
JGD_BIBD/bibd_12_4,2970
JGD_BIBD/bibd_12_5,7920
JGD_BIBD/bibd_13_6,25740
JGD_BIBD/bibd_14_7,72072
JGD_BIBD/bibd_15_3,1365
JGD_BIBD/bibd_15_7,135135
JGD_BIBD/bibd_16_8,360360
JGD_BIBD/bibd_17_3,2040
JGD_BIBD/bibd_17_4b,14280
JGD_BIBD/bibd_17_4,14280
JGD_BIBD/bibd_17_8,680680
JGD_BIBD/bibd_18_9,1750320
JGD_BIBD/bibd_19_9,3325608
JGD_BIBD/bibd_20_10,8314020
JGD_BIBD/bibd_22_8,8953560
JGD_BIBD/bibd_49_3,55272
JGD_BIBD/bibd_81_2,3240
JGD_BIBD/bibd_81_3,255960
JGD_CAG/CAG_mat1916,195985
JGD_CAG/CAG_mat364,13585
JGD_CAG/CAG_mat72,1012
JGD_Forest/TF10,622
JGD_Forest/TF11,1607
JGD_Forest/TF12,4231
JGD_Forest/TF13,11185
JGD_Forest/TF14,29862
JGD_Forest/TF15,80057
JGD_Forest/TF16,216173
JGD_Forest/TF17,586218
JGD_Forest/TF18,1597545
JGD_Forest/TF19,4370721
JGD_Franz/Franz1,5120
JGD_Franz/Franz2,21504
JGD_Franz/Franz3,11520
JGD_Franz/Franz4,46528
JGD_Franz/Franz5,44056
JGD_Franz/Franz6,45456
JGD_Franz/Franz7,40424
JGD_Franz/Franz8,100368
JGD_Franz/Franz9,97508
JGD_Franz/Franz10,97508
JGD_Franz/Franz11,329728
JGD_G5/IG5-6,251
JGD_G5/IG5-7,549
JGD_G5/IG5-8,1711
JGD_G5/IG5-9,4570
JGD_G5/IG5-10,10273
JGD_G5/IG5-11,22110
JGD_G5/IG5-12,46260
JGD_G5/IG5-13,91209
JGD_G5/IG5-14,173337
JGD_G5/IG5-15,323509
JGD_G5/IG5-16,588326
JGD_G5/IG5-17,1035008
JGD_G5/IG5-18,1790490
JGD_GL6/GL6_D_6,2526
JGD_GL6/GL6_D_7,5378
JGD_GL6/GL6_D_8,6153
JGD_GL6/GL6_D_9,4349
JGD_GL6/GL6_D_10,2053
JGD_GL7d/GL7d10,8
JGD_GL7d/GL7d11,1513
JGD_GL7d/GL7d12,37519
JGD_GL7d/GL7d13,356232
JGD_GL7d/GL7d14,1831183
JGD_GL7d/GL7d15,6080381
JGD_GL7d/GL7d16,14488881
JGD_GL7d/GL7d17,25978098
JGD_GL7d/GL7d18,35590540
JGD_GL7d/GL7d19,37322725
JGD_GL7d/GL7d20,29893084
JGD_GL7d/GL7d21,18174775
JGD_GL7d/GL7d22,8251000
JGD_GL7d/GL7d23,2695430
JGD_GL7d/GL7d24,593892
JGD_GL7d/GL7d25,81671
JGD_GL7d/GL7d26,7412
JGD_Groebner/c8_mat11,2462970
JGD_Groebner/c8_mat11_I,2462970
JGD_Groebner/f855_mat9,171214
JGD_Groebner/f855_mat9_I,171214
JGD_Groebner/HFE18_96_in,933343
JGD_Groebner/rkat7_mat5,38114
JGD_Groebner/robot24c1_mat5,15118
JGD_Groebner/robot24c1_mat5_J,15118
JGD_Homology/ch3-3-b1,36
JGD_Homology/ch3-3-b2,18
JGD_Homology/ch4-4-b1,144
JGD_Homology/ch4-4-b2,288
JGD_Homology/ch4-4-b3,96
JGD_Homology/ch5-5-b1,400
JGD_Homology/ch5-5-b2,1800
JGD_Homology/ch5-5-b3,2400
JGD_Homology/ch5-5-b4,600
JGD_Homology/ch6-6-b1,900
JGD_Homology/ch6-6-b2,7200
JGD_Homology/ch6-6-b3,21600
JGD_Homology/ch6-6-b4,21600
JGD_Homology/ch6-6-b5,4320
JGD_Homology/ch7-6-b1,1260
JGD_Homology/ch7-6-b2,12600
JGD_Homology/ch7-6-b3,50400
JGD_Homology/ch7-6-b4,75600
JGD_Homology/ch7-6-b5,30240
JGD_Homology/ch7-7-b1,1764
JGD_Homology/ch7-7-b2,22050
JGD_Homology/ch7-7-b5,211680
JGD_Homology/ch7-8-b1,2352
JGD_Homology/ch7-8-b2,35280
JGD_Homology/ch7-8-b3,235200
JGD_Homology/ch7-8-b4,705600
JGD_Homology/ch7-8-b5,846720
JGD_Homology/ch7-9-b1,3024
JGD_Homology/ch7-9-b2,52920
JGD_Homology/ch7-9-b3,423360
JGD_Homology/ch7-9-b4,1587600
JGD_Homology/ch7-9-b5,2540160
JGD_Homology/ch8-8-b1,3136
JGD_Homology/ch8-8-b2,56448
JGD_Homology/ch8-8-b3,470400
JGD_Homology/ch8-8-b4,1881600
JGD_Homology/ch8-8-b5,3386880
JGD_Homology/cis-n4c6-b1,420
JGD_Homology/cis-n4c6-b13,88200
JGD_Homology/cis-n4c6-b14,13800
JGD_Homology/cis-n4c6-b15,960
JGD_Homology/cis-n4c6-b2,3990
JGD_Homology/cis-n4c6-b3,23880
JGD_Homology/cis-n4c6-b4,100290
JGD_Homology/D6-6,146880
JGD_Homology/klein-b1,60
JGD_Homology/klein-b2,60
JGD_Homology/lutz30-23-b6,12012
JGD_Homology/m133-b3,800800
JGD_Homology/mk10-b1,1260
JGD_Homology/mk10-b2,9450
JGD_Homology/mk10-b3,18900
JGD_Homology/mk10-b4,4725
JGD_Homology/mk11-b1,1980
JGD_Homology/mk11-b2,20790
JGD_Homology/mk11-b3,69300
JGD_Homology/mk11-b4,51975
JGD_Homology/mk11-b4b,47250
JGD_Homology/mk12-b1,2970
JGD_Homology/mk12-b2,41580
JGD_Homology/mk12-b3,207900
JGD_Homology/mk12-b4,311850
JGD_Homology/mk12-b5,62370
JGD_Homology/mk13-b5,810810
JGD_Homology/mk9-b1,756
JGD_Homology/mk9-b2,3780
JGD_Homology/mk9-b3,3780
JGD_Homology/n2c6-b10,330
JGD_Homology/n2c6-b1,210
JGD_Homology/n2c6-b2,1365
JGD_Homology/n2c6-b3,5460
JGD_Homology/n2c6-b4,15015
JGD_Homology/n2c6-b5,29670
JGD_Homology/n2c6-b6,40005
JGD_Homology/n2c6-b7,31920
JGD_Homology/n2c6-b8,13230
JGD_Homology/n2c6-b9,3060
JGD_Homology/n3c4-b1,30
JGD_Homology/n3c4-b2,60
JGD_Homology/n3c4-b3,60
JGD_Homology/n3c4-b4,30
JGD_Homology/n3c5-b1,90
JGD_Homology/n3c5-b2,360
JGD_Homology/n3c5-b3,840
JGD_Homology/n3c5-b4,1260
JGD_Homology/n3c5-b5,1260
JGD_Homology/n3c5-b6,840
JGD_Homology/n3c5-b7,240
JGD_Homology/n3c6-b10,7425
JGD_Homology/n3c6-b1,210
JGD_Homology/n3c6-b11,720
JGD_Homology/n3c6-b2,1365
JGD_Homology/n3c6-b3,5460
JGD_Homology/n3c6-b4,15015
JGD_Homology/n3c6-b5,30030
JGD_Homology/n3c6-b6,45045
JGD_Homology/n3c6-b7,51480
JGD_Homology/n3c6-b8,44415
JGD_Homology/n3c6-b9,25110
JGD_Homology/n4c5-b10,1320
JGD_Homology/n4c5-b1,210
JGD_Homology/n4c5-b11,120
JGD_Homology/n4c5-b2,1365
JGD_Homology/n4c5-b3,5400
JGD_Homology/n4c5-b4,14260
JGD_Homology/n4c5-b5,26040
JGD_Homology/n4c5-b6,33145
JGD_Homology/n4c5-b7,29080
JGD_Homology/n4c5-b8,17055
JGD_Homology/n4c5-b9,6300
JGD_Homology/n4c6-b10,1456422
JGD_Homology/n4c6-b11,830820
JGD_Homology/n4c6-b1,420
JGD_Homology/n4c6-b12,332865
JGD_Homology/n4c6-b13,88200
JGD_Homology/n4c6-b14,13800
JGD_Homology/n4c6-b15,960
JGD_Homology/n4c6-b2,3990
JGD_Homology/n4c6-b3,23880
JGD_Homology/n4c6-b4,100290
JGD_Homology/n4c6-b5,310878
JGD_Homology/n4c6-b6,728805
JGD_Homology/n4c6-b7,1305720
JGD_Homology/n4c6-b8,1790055
JGD_Homology/n4c6-b9,1865580
JGD_Homology/shar_te2-b1,34320
JGD_Homology/shar_te2-b2,600600
JGD_Homology/shar_te2-b3,800800
JGD_Kocay/Trec3,1
JGD_Kocay/Trec4,3
JGD_Kocay/Trec5,12
JGD_Kocay/Trec6,40
JGD_Kocay/Trec7,147
JGD_Kocay/Trec8,549
JGD_Kocay/Trec9,2147
JGD_Kocay/Trec10,8612
JGD_Kocay/Trec11,35705
JGD_Kocay/Trec12,151219
JGD_Kocay/Trec13,654517
JGD_Kocay/Trec14,2872265
JGD_Margulies/cat_ears_2_1,254
JGD_Margulies/cat_ears_2_4,7982
JGD_Margulies/cat_ears_3_1,542
JGD_Margulies/cat_ears_3_4,39592
JGD_Margulies/cat_ears_4_1,938
JGD_Margulies/cat_ears_4_4,132888
JGD_Margulies/flower_4_1,386
JGD_Margulies/flower_4_4,16466
JGD_Margulies/flower_5_1,602
JGD_Margulies/flower_5_4,43942
JGD_Margulies/flower_7_1,1178
JGD_Margulies/flower_7_4,202218
JGD_Margulies/flower_8_1,1538
JGD_Margulies/flower_8_4,375266
JGD_Margulies/kneser_10_4_1,992252
JGD_Margulies/kneser_6_2_1,2027
JGD_Margulies/kneser_8_3_1,47042
JGD_Margulies/wheel_3_1,74
JGD_Margulies/wheel_4_1,122
JGD_Margulies/wheel_5_1,182
JGD_Margulies/wheel_601,2170814
JGD_Margulies/wheel_6_1,254
JGD_Margulies/wheel_7_1,338
JGD_Relat/rel3,18
JGD_Relat/rel4,104
JGD_Relat/rel5,656
JGD_Relat/rel6,5101
JGD_Relat/rel7,50636
JGD_Relat/rel8,821839
JGD_Relat/rel9,23667183
JGD_Relat/relat3,24
JGD_Relat/relat4,172
JGD_Relat/relat5,1058
JGD_Relat/relat6,8108
JGD_Relat/relat7b,81355
JGD_Relat/relat7,81355
JGD_Relat/relat8,1334038
JGD_Relat/relat9,38955420
JGD_SL6/D_5,1832
JGD_SL6/D_6,6491
JGD_SL6/D_7,12714
JGD_SL6/D_8,14966
JGD_SL6/D_9,12395
JGD_SL6/D_10,7614
JGD_SL6/D_11,2952
JGD_SPG/08blocks,592
JGD_SPG/EX1,4368
JGD_SPG/EX2,4368
JGD_SPG/EX3,35880
JGD_SPG/EX4,35880
JGD_SPG/EX5,147840
JGD_SPG/EX6,147840
JGD_Taha/abtaha2,137228
JGD_Taha/abtaha1,51307
JGD_Trefethen/Trefethen_20b,83
JGD_Trefethen/Trefethen_20,89
JGD_Trefethen/Trefethen_150,1095
JGD_Trefethen/Trefethen_200b,1536
JGD_Trefethen/Trefethen_200,1545
JGD_Trefethen/Trefethen_300,2489
JGD_Trefethen/Trefethen_500,4489
JGD_Trefethen/Trefethen_700,6677
JGD_Trefethen/Trefethen_2000,21953
JGD_Trefethen/Trefethen_20000b,287217
JGD_Trefethen/Trefethen_20000,287233
Janna/Serena,32961525
Janna/Emilia_923,20964171
Janna/Fault_639,14626683
Janna/Flan_1565,59485419
Janna/Geo_1438,32297325
Janna/Hook_1498,31207734
Janna/StocF-1465,11235263
Janna/Cube_Coup_dt0,64685452
Janna/Cube_Coup_dt6,64685452
Janna/Long_Coup_dt0,44279572
Janna/Long_Coup_dt6,44279572
Janna/CoupCons3D,22322336
Janna/ML_Laplace,27689972
Janna/Transport,23500731
Janna/ML_Geer,110879972
Janna/Bump_2911,65320659
Janna/Queen_4147,166823197
Janna/PFlow_742,18940627
Kamvar/Stanford,2312497
Kamvar/Stanford_Berkeley,7583376
Kemelmacher/Kemelmacher,100875
Kim/kim1,933195
Kim/kim2,11330020
Koutsovasilis/F1,13590452
Koutsovasilis/F2,2682895
LAW/cnr-2000,3216152
LAW/in-2004,16917053
LAW/eu-2005,19235140
LAW/enron,276143
LAW/amazon-2008,5158388
LAW/ljournal-2008,79023142
LAW/hollywood-2009,57515616
LAW/dblp-2010,807700
LAW/webbase-2001,1019903190
LAW/uk-2002,298113762
LAW/indochina-2004,194109311
LAW/it-2004,1150725436
LAW/arabic-2005,639999458
LAW/sk-2005,1949412601
LAW/uk-2005,936364282
LPnetlib/lp_25fv47,10705
LPnetlib/lp_80bau3b,23264
LPnetlib/lp_adlittle,424
LPnetlib/lp_afiro,102
LPnetlib/lp_agg,2862
LPnetlib/lp_agg2,4740
LPnetlib/lp_agg3,4756
LPnetlib/lp_bandm,2494
LPnetlib/lp_beaconfd,3408
LPnetlib/lp_blend,522
LPnetlib/lp_bnl1,5532
LPnetlib/lp_bnl2,14996
LPnetlib/lp_bore3d,1448
LPnetlib/lp_brandy,2202
LPnetlib/lp_capri,1896
LPnetlib/lp_cre_a,18168
LPnetlib/lp_cre_b,260785
LPnetlib/lp_cre_c,15977
LPnetlib/lp_cre_d,246614
LPnetlib/lp_cycle,21234
LPnetlib/lp_czprob,10708
LPnetlib/lp_d2q06c,33081
LPnetlib/lp_d6cube,37704
LPnetlib/lp_degen2,4201
LPnetlib/lp_degen3,25432
LPnetlib/lp_dfl001,35632
LPnetlib/lp_e226,2768
LPnetlib/lp_etamacro,2537
LPnetlib/lp_fffff800,6401
LPnetlib/lp_finnis,2760
LPnetlib/lp_fit1d,13427
LPnetlib/lp_fit1p,9868
LPnetlib/lp_fit2d,129042
LPnetlib/lp_fit2p,50284
LPnetlib/lp_ganges,6937
LPnetlib/lp_gfrd_pnc,2445
LPnetlib/lp_greenbea,31070
LPnetlib/lp_greenbeb,31070
LPnetlib/lp_grow15,5620
LPnetlib/lp_grow22,8252
LPnetlib/lp_grow7,2612
LPnetlib/lp_israel,2443
LPnetlib/lp_kb2,313
LPnetlib/lp_ken_07,8404
LPnetlib/lp_ken_11,49058
LPnetlib/lp_ken_13,97246
LPnetlib/lp_ken_18,358171
LPnetlib/lp_lotfi,1136
LPnetlib/lp_maros,10137
LPnetlib/lp_maros_r7,144848
LPnetlib/lp_modszk1,3168
LPnetlib/lp_osa_07,144812
LPnetlib/lp_osa_14,317097
LPnetlib/lp_osa_30,604488
LPnetlib/lp_osa_60,1408073
LPnetlib/lp_pds_02,16571
LPnetlib/lp_pds_06,63220
LPnetlib/lp_pds_10,107605
LPnetlib/lp_pds_20,232647
LPnetlib/lp_perold,6148
LPnetlib/lp_pilot,44375
LPnetlib/lp_pilot4,5264
LPnetlib/lp_pilot87,74949
LPnetlib/lp_pilot_ja,14977
LPnetlib/lp_pilot_we,9265
LPnetlib/lp_pilotnov,13331
LPnetlib/lp_qap12,38304
LPnetlib/lp_qap15,94950
LPnetlib/lp_qap8,7296
LPnetlib/lp_recipe,687
LPnetlib/lp_sc105,340
LPnetlib/lp_sc205,665
LPnetlib/lp_sc50a,160
LPnetlib/lp_sc50b,148
LPnetlib/lp_scagr25,1725
LPnetlib/lp_scagr7,465
LPnetlib/lp_scfxm1,2732
LPnetlib/lp_scfxm2,5469
LPnetlib/lp_scfxm3,8206
LPnetlib/lp_scorpion,1534
LPnetlib/lp_scrs8,3288
LPnetlib/lp_scsd1,2388
LPnetlib/lp_scsd6,4316
LPnetlib/lp_scsd8,8584
LPnetlib/lp_sctap1,1872
LPnetlib/lp_sctap2,7334
LPnetlib/lp_sctap3,9734
LPnetlib/lp_share1b,1179
LPnetlib/lp_share2b,777
LPnetlib/lp_shell,3558
LPnetlib/lp_ship04l,6380
LPnetlib/lp_ship04s,4400
LPnetlib/lp_ship08l,12882
LPnetlib/lp_ship08s,7194
LPnetlib/lp_ship12l,16276
LPnetlib/lp_ship12s,8284
LPnetlib/lp_sierra,8001
LPnetlib/lp_stair,4003
LPnetlib/lp_standata,3230
LPnetlib/lp_standgub,3339
LPnetlib/lp_standmps,3878
LPnetlib/lp_stocfor1,501
LPnetlib/lp_stocfor2,9357
LPnetlib/lp_stocfor3,76473
LPnetlib/lp_truss,27836
LPnetlib/lp_tuff,4561
LPnetlib/lp_vtp_base,1051
LPnetlib/lp_wood1p,70216
LPnetlib/lp_woodw,37487
LPnetlib/lpi_bgdbg1,1662
LPnetlib/lpi_bgetam,2537
LPnetlib/lpi_bgindy,66266
LPnetlib/lpi_bgprtr,70
LPnetlib/lpi_box1,651
LPnetlib/lpi_ceria3d,21178
LPnetlib/lpi_chemcom,1590
LPnetlib/lpi_cplex1,10947
LPnetlib/lpi_cplex2,1215
LPnetlib/lpi_ex72a,467
LPnetlib/lpi_ex73a,457
LPnetlib/lpi_forest6,246
LPnetlib/lpi_galenet,22
LPnetlib/lpi_gosh,99953
LPnetlib/lpi_gran,20111
LPnetlib/lpi_greenbea,31074
LPnetlib/lpi_itest2,26
LPnetlib/lpi_itest6,29
LPnetlib/lpi_klein1,750
LPnetlib/lpi_klein2,5062
LPnetlib/lpi_klein3,13101
LPnetlib/lpi_mondou2,1208
LPnetlib/lpi_pang,2933
LPnetlib/lpi_pilot4i,5264
LPnetlib/lpi_qual,1646
LPnetlib/lpi_reactor,2591
LPnetlib/lpi_refinery,1626
LPnetlib/lpi_vol1,1646
LPnetlib/lpi_woodinfe,140
Langemyr/comsol,97645
LeGresley/LeGresley_2508,16727
LeGresley/LeGresley_4908,30482
LeGresley/LeGresley_87936,593276
Lee/fem_filter,1731206
Lee/fem_hifreq_circuit,20239237
Li/li,1350309
Li/pli,686502
Lin/Lin,1011200
Negre/dendrimer,31877
LiuWenzhuo/powersim,67562
Nemeth/nemeth01,367280
Nemeth/nemeth02,202157
Nemeth/nemeth03,202157
Nemeth/nemeth04,202157
Nemeth/nemeth05,202157
Nemeth/nemeth06,202157
Nemeth/nemeth07,202159
Nemeth/nemeth08,202161
Nemeth/nemeth09,202506
Nemeth/nemeth10,205477
Nemeth/nemeth11,208885
Nemeth/nemeth12,228162
Nemeth/nemeth13,241989
Nemeth/nemeth14,252825
Nemeth/nemeth15,274654
Nemeth/nemeth16,298259
Nemeth/nemeth17,319563
Nemeth/nemeth18,352370
Nemeth/nemeth19,413904
Nemeth/nemeth20,490688
Nemeth/nemeth21,591626
Nemeth/nemeth22,684169
Nemeth/nemeth23,758158
Nemeth/nemeth24,758028
Nemeth/nemeth25,760632
Nemeth/nemeth26,760633
Newman/adjnoun,425
Newman/as-22july06,48436
Newman/astro-ph,121251
Newman/celegansneural,2345
Newman/cond-mat,47594
Newman/cond-mat-2003,120029
Newman/cond-mat-2005,175693
Newman/dolphins,159
Newman/hep-th,15751
Newman/karate,78
Newman/lesmis,254
Newman/netscience,2742
Newman/polblogs,19025
Newman/polbooks,441
Newman/power,6594
Newman/football,613
Lourakis/bundle1,390741
Norris/fv1,47434
Norris/fv2,48413
Norris/fv3,48413
Norris/heart1,1387773
Norris/heart2,682797
Norris/heart3,682797
Norris/lung1,7419
Norris/lung2,492564
Norris/stomach,3021648
Norris/torso1,8516500
Norris/torso2,1033473
Norris/torso3,4429042
Lucifora/cell1,34855
Lucifora/cell2,34855
Oberwolfach/piston,100015
Oberwolfach/gyro_k,519260
Oberwolfach/gyro_m,178896
Oberwolfach/t2dah_a,93781
Oberwolfach/t2dah_e,93781
Oberwolfach/t2dal_a,20861
Oberwolfach/t2dal_e,4257
Oberwolfach/t3dh_a,2215638
Oberwolfach/t3dh_e,2215638
Oberwolfach/t3dl_a,265113
Oberwolfach/t3dl_e,20360
Oberwolfach/chipcool0,281150
Oberwolfach/chipcool1,281150
Oberwolfach/filter2D,6209
Oberwolfach/filter3D,1406808
Oberwolfach/flowmeter0,38530
Oberwolfach/flowmeter5,67391
Oberwolfach/gas_sensor,885141
Oberwolfach/gyro,519260
Oberwolfach/inlet,328323
Oberwolfach/LF10000,59990
Oberwolfach/LF10,50
Oberwolfach/LFAT5000,49980
Oberwolfach/LFAT5,30
Oberwolfach/rail_1357,5171
Oberwolfach/rail_20209,79721
Oberwolfach/rail_5177,20181
Oberwolfach/rail_79841,316881
Oberwolfach/spiral,9831
Oberwolfach/t2dah,93781
Oberwolfach/t2dal_bci,20861
Oberwolfach/t2dal,20861
Oberwolfach/t3dh,2215638
Oberwolfach/t3dl,265113
Oberwolfach/windscreen,752541
Oberwolfach/bone010,36326514
Oberwolfach/boneS01,3421188
Oberwolfach/boneS10,28191660
Luong/photogrammetry,11816
Luong/photogrammetry2,37056
Okunbor/aft01,66886
Okunbor/aft02,127762
MAWI/mawi_201512012345,19020160
MAWI/mawi_201512020000,37242710
MAWI/mawi_201512020030,71707480
MAWI/mawi_201512020130,135117420
MAWI/mawi_201512020330,240023949
PARSEC/benzene,125444
PARSEC/CO,3943588
PARSEC/Ga10As10H30,3114357
PARSEC/Ga19As19H42,4508981
PARSEC/Ga3As3H12,3016148
PARSEC/Ga41As41H72,9378286
PARSEC/GaAsH6,1721579
PARSEC/Ge87H76,4002590
PARSEC/Ge99H100,4282190
PARSEC/H2O,1141880
PARSEC/Na5,155731
PARSEC/Si10H16,446500
PARSEC/Si2,9285
PARSEC/Si34H36,2626974
PARSEC/Si41Ge41H72,7598452
PARSEC/Si5H12,379247
PARSEC/Si87H76,5451000
PARSEC/SiH4,88472
PARSEC/SiNa,102265
PARSEC/SiO2,5719417
PARSEC/SiO,675528
MKS/fp,848553
POLYFLOW/invextr1_new,1793881
POLYFLOW/mixtank_new,1995041
ML_Graph/Binaryalphadigs_10NN,9696
ML_Graph/breasttissue_10NN,706
ML_Graph/cnae9_10NN,9139
ML_Graph/collins_15NN,8246
ML_Graph/semeion_10NN,11113
ML_Graph/dataset12mfeatfactors_10NN,13721
ML_Graph/Spectro_10NN,3711
ML_Graph/dataset16mfeatkarhunen_10NN,13834
ML_Graph/dataset18mfeatmorphological_10NN,11416
ML_Graph/dataset20mfeatpixel_10NN,13966
ML_Graph/dataset22mfeatzernike_10NN,13707
ML_Graph/dermatology_5NN,1220
ML_Graph/Ecoli_10NN,2280
ML_Graph/Fashion_MNIST_norm_10NN,79152
ML_Graph/Glass_10NN,1493
ML_Graph/har_10NN,75868
ML_Graph/indianpines_10NN,62328
ML_Graph/iris_dataset_30NN,2759
ML_Graph/JapaneseVowelsSmall_10NN,65572
ML_Graph/k49_norm_10NN,309079
ML_Graph/kmnist_norm_10NN,78466
ML_Graph/mice_10NN,6742
ML_Graph/micromass_10NN,4834
ML_Graph/mnist_test_norm_10NN,72800
ML_Graph/Olivetti_norm_10NN,2828
ML_Graph/optdigits_10NN,39825
ML_Graph/Plants_10NN,10965
ML_Graph/plantsmargin_12NN,12741
ML_Graph/plantstexture_10NN,10602
ML_Graph/umistfacesnorm_10NN,3495
ML_Graph/usps_norm_5NN,40556
ML_Graph/Vehicle_10NN,5447
ML_Graph/worms20_10NN,120413
ML_Graph/YaleA_10NN,1134
ML_Graph/YaleB_10NN,17404
ML_Graph/yeast_30NN,31175
Pajek/California,16150
Pajek/Cities,1342
Pajek/CSphd,1740
Pajek/dictionary28,89038
Pajek/divorce,225
Pajek/EAT_RS,325592
Pajek/EAT_SR,325589
Pajek/EPA,8965
Pajek/Erdos02,8472
Pajek/Erdos971,1314
Pajek/Erdos972,7085
Pajek/Erdos981,1381
Pajek/Erdos982,7375
Pajek/Erdos991,1417
Pajek/Erdos992,7515
Pajek/EVA,6726
Pajek/FA,72176
Pajek/foldoc,120238
Pajek/football,118
Pajek/GD00_a,458
Pajek/GD00_c,1041
Pajek/GD01_a,645
Pajek/GD01_Acap,645
Pajek/GD01_b,37
Pajek/GD01_c,135
Pajek/GD02_a,87
Pajek/GD02_b,232
Pajek/GD06_Java,8032
Pajek/GD06_theory,190
Pajek/GD95_a,57
Pajek/GD95_b,96
Pajek/GD95_c,287
Pajek/GD96_a,1677
Pajek/GD96_b,193
Pajek/GD96_c,125
Pajek/GD96_d,229
Pajek/GD97_a,166
Pajek/GD97_b,132
Pajek/GD97_c,460
Pajek/GD98_a,50
Pajek/GD98_b,207
Pajek/GD98_c,168
Pajek/GD99_b,127
Pajek/GD99_c,149
Pajek/geom,11898
Pajek/GlossGT,122
Pajek/HEP-th,342437
Pajek/HEP-th-new,352807
Pajek/IMDB,3782463
Pajek/internet,207214
Pajek/Journals,6096
Pajek/Kohonen,12731
Pajek/Lederberg,41601
Pajek/ODLIS,18246
Pajek/patents_main,560943
Pajek/patents,14970767
Pajek/Ragusa16,81
Pajek/Ragusa18,64
Pajek/Reuters911,148038
Pajek/Roget,5075
Pajek/Sandi_authors,124
Pajek/Sandi_sandi,613
Pajek/SciMet,10413
Pajek/SmaGri,4919
Pajek/SmallW,994
Pajek/Stranke94,45
Pajek/Tina_AskCal,29
Pajek/Tina_AskCog,36
Pajek/Tina_DisCal,41
Pajek/Tina_DisCog,48
Pajek/USAir97,2126
Pajek/USpowerGrid,6594
Pajek/Wordnet3,132964
Pajek/WorldCities,7518
Pajek/yeast,7182
Pajek/Zewail,54233
Mallya/lhr01,18592
Mallya/lhr02,37206
Mallya/lhr04,82682
Mallya/lhr04c,82682
Mallya/lhr07,156508
Mallya/lhr07c,156508
Mallya/lhr10,232633
Mallya/lhr10c,232633
Mallya/lhr11,233741
Mallya/lhr11c,233741
Mallya/lhr14,307858
Mallya/lhr14c,307858
Mallya/lhr17,381975
Mallya/lhr17c,381975
Mallya/lhr34,764014
Mallya/lhr34c,764014
Mallya/lhr71,1528092
Mallya/lhr71c,1528092
Pereyra/landmark,1151232
Mancktelow/viscorocks,1162244
Marini/eurqsa,25633
Pothen/skirt,104559
Pothen/barth,26439
Pothen/barth4,23492
Pothen/barth5,61484
Pothen/pwt,181313
Pothen/shuttle_eddy,57014
Pothen/mesh3em5,1089
Pothen/onera_dual,252384
Pothen/sphere2,258
Pothen/sphere3,1026
Pothen/tandem_dual,277281
Pothen/tandem_vtx,135902
Pothen/bodyy4,69742
Pothen/bodyy5,73935
Pothen/bodyy6,77057
Pothen/commanche_dual,19800
Pothen/mesh1e1,177
Pothen/mesh1em1,177
Pothen/mesh1em6,177
Pothen/mesh2e1,1162
Pothen/mesh2em5,1162
Pothen/mesh3e1,1089
PowerSystem/power197k,3698357
Martin/marine1,6226538
Precima/analytics,1129939
MathWorks/pivtol,306
MathWorks/Pd,13036
MathWorks/Pd_rhs,6323
MathWorks/Harvard500,2636
MathWorks/tomography,28726
MathWorks/Kuu,173651
MathWorks/Muu,88618
MathWorks/Sieber,14873
MathWorks/Kaufhold,42471
MathWorks/QRpivot,3808
MathWorks/TS,45262
Priebel/130bit,6120
Priebel/145bit,11315
Priebel/162bit,37118
Priebel/176bit,82270
Priebel/192bit,154303
Priebel/208bit,299756
MaxPlanck/shallow_water1,204800
MaxPlanck/shallow_water2,204800
Puri/ABACUS_shell_ud,218484
Puri/ABACUS_shell_ld,218484
Puri/ABACUS_shell_md,218484
Puri/ABACUS_shell_hd,218484
Mazaheri/bundle_adj,10360701
QCD/conf5_0-4x4-10,119808
QCD/conf5_0-4x4-14,119808
QCD/conf5_0-4x4-18,119808
QCD/conf5_0-4x4-22,119808
QCD/conf5_0-4x4-26,119808
QCD/conf6_0-4x4-20,119808
QCD/conf6_0-4x4-30,119808
QCD/conf5_4-8x8-05,1916928
QCD/conf5_4-8x8-10,1916928
QCD/conf5_4-8x8-15,1916928
QCD/conf5_4-8x8-20,1916928
QCD/conf6_0-8x8-20,1916928
QCD/conf6_0-8x8-30,1916928
QCD/conf6_0-8x8-80,1916928
McRae/ecology1,2998000
McRae/ecology2,2997995
QLi/crashbasis,1750416
QLi/majorbasis,1750416
QLi/largebasis,5560100
Meng/iChem_Jacobian,4137369
Meszaros/gams10am,407
Meszaros/gams30am,1287
Meszaros/gams60am,2607
Meszaros/air05,52121
Meszaros/air06,70806
Meszaros/aircraft,20267
Meszaros/bas1lp,587775
Meszaros/baxter,111576
Meszaros/car4,63724
Meszaros/cari,152800
Meszaros/ch,24102
Meszaros/co5,57993
Meszaros/co9,109651
Meszaros/complex,46463
Meszaros/cq5,51571
Meszaros/cq9,96653
Meszaros/cr42,6614
Meszaros/crew1,46950
Meszaros/dano3mip,81633
Meszaros/dbic1,1081843
Meszaros/dbir1,1077025
Meszaros/dbir2,1158159
Meszaros/df2177,22336
Meszaros/e18,156466
Meszaros/farm,41
Meszaros/gams10a,407
Meszaros/gams30a,1287
Meszaros/ge,44825
Meszaros/iiasa,7317
Meszaros/jendrec1,89608
Meszaros/kl02,212536
Meszaros/l9,4659
Meszaros/lp22,68518
Meszaros/lpl2,32232
Meszaros/lpl3,100525
Meszaros/mod2,199810
Meszaros/model1,3028
Meszaros/model2,7607
Meszaros/model3,23974
Meszaros/model4,45753
Meszaros/model5,89925
Meszaros/model6,27628
Meszaros/model7,51027
Meszaros/model8,25277
Meszaros/model9,55956
Meszaros/model10,150372
Meszaros/nemsafm,2826
Meszaros/nemscem,3840
Meszaros/nemsemm1,1053986
Meszaros/nemsemm2,182012
Meszaros/nemspmm1,55867
Meszaros/nemspmm2,68225
Meszaros/nemswrld,192283
Meszaros/nl,47035
Meszaros/nw14,904910
Meszaros/p0033,113
Meszaros/p0040,133
Meszaros/p010,118000
Meszaros/p0201,2056
Meszaros/p0282,2207
Meszaros/p0291,2283
Meszaros/p0548,1887
Meszaros/p05,59045
Meszaros/p2756,9692
Meszaros/p6000,19826
Meszaros/pcb1000,20463
Meszaros/pcb3000,57479
Meszaros/gas11,2166
Meszaros/aa01,72965
Meszaros/aa03,70806
Meszaros/aa3,70806
Meszaros/aa4,52121
Meszaros/aa5,65953
Meszaros/aa6,51728
Meszaros/air02,61555
Meszaros/air03,91028
Meszaros/air04,72965
Meszaros/primagaz,21665
Meszaros/problem,86
Meszaros/progas,8897
Meszaros/qiulp,4492
Meszaros/r05,104145
Meszaros/refine,153
Meszaros/rlfddd,264627
Meszaros/rlfdual,282031
Meszaros/rlfprim,320591
Meszaros/rosen1,23794
Meszaros/rosen2,47536
Meszaros/rosen7,8034
Meszaros/rosen8,16058
Meszaros/rosen10,64192
Meszaros/route,206782
Meszaros/seymourl,38493
Meszaros/slptsk,72465
Meszaros/south31,112398
Meszaros/stat96v1,588798
Meszaros/stat96v2,2852184
Meszaros/stat96v3,3317736
Meszaros/stat96v4,491336
Meszaros/stat96v5,233921
Meszaros/t0331-4l,430982
Meszaros/testbig,61639
Meszaros/ulevimin,164538
Meszaros/us04,297538
Meszaros/world,198883
Meszaros/zed,666
Meszaros/de063155,4913
Meszaros/de063157,5119
Meszaros/de080285,5082
Meszaros/gen1,63086
Meszaros/gen2,81855
Meszaros/gen4,107103
Meszaros/gen,63086
Meszaros/iprob,9000
Meszaros/l30,52070
Meszaros/stoch_aircraft,20267
Meszaros/cep1,8233
Meszaros/deter0,11173
Meszaros/deter1,32187
Meszaros/deter2,35731
Meszaros/deter3,44547
Meszaros/deter4,19231
Meszaros/deter5,29715
Meszaros/deter6,24771
Meszaros/deter7,37131
Meszaros/deter8,22299
Meszaros/fxm2-6,12812
Meszaros/fxm2-16,32972
Meszaros/fxm3_16,392252
Meszaros/pgp2,22474
Meszaros/stormg2-125,433256
Meszaros/stormg2-27,94274
Meszaros/stormg2-8,28553
Meszaros/degme,8127528
Meszaros/karted,1770349
Meszaros/tp-6,11537419
Meszaros/ts-palko,1076903
Meszaros/delf,15397
Meszaros/kleemin,44
Meszaros/large,20635
Meszaros/nsct,697738
Meszaros/nsic,3449
Meszaros/nsir,154939
Meszaros/plddb,10839
Meszaros/rat,268908
Meszaros/small,3207
Meszaros/pltexpa,143059
Meszaros/sc205-2r,123239
Meszaros/scagr7-2b,35885
Meszaros/scagr7-2c,9005
Meszaros/scagr7-2r,120141
Meszaros/scfxm1-2b,111052
Meszaros/scfxm1-2r,221388
Meszaros/scrs8-2b,7367
Meszaros/scrs8-2c,7367
Meszaros/scrs8-2r,58439
Meszaros/scsd8-2b,112770
Meszaros/scsd8-2c,112770
Meszaros/scsd8-2r,190210
Meszaros/sctap1-2b,99454
Meszaros/sctap1-2c,21854
Meszaros/sctap1-2r,186366
Meszaros/ex3sta1,68779
Meszaros/pf2177,30984
Meszaros/fxm3_6,57722
Meszaros/fxm4_6,265442
QY/case39,526139
QY/case9,75801
Qaplib/lp_nug05,1050
Qaplib/lp_nug06,2232
Qaplib/lp_nug07,4214
Qaplib/lp_nug08,7296
Qaplib/lp_nug12,38304
Qaplib/lp_nug15,94950
Qaplib/lp_nug20,304800
Qaplib/lp_nug30,1567800
Mittelmann/nug08-3rd,148416
Mittelmann/pds-30,340635
Mittelmann/pds-40,466800
Mittelmann/pds-50,590833
Mittelmann/pds-60,719557
Mittelmann/pds-70,833465
Mittelmann/pds-80,927826
Mittelmann/pds-90,1014136
Mittelmann/pds-100,1096002
Mittelmann/rail507,409856
Mittelmann/rail516,315412
Mittelmann/rail582,402290
Mittelmann/rail2586,8011362
Mittelmann/rail4284,11284032
Mittelmann/sgpf5y6,831976
Mittelmann/stormG2_1000,3459881
Mittelmann/watson_1,1055093
Mittelmann/watson_2,1846391
Mittelmann/cont11_l,5382999
Mittelmann/cont1_l,7031999
Mittelmann/fome11,71264
Mittelmann/fome12,142528
Mittelmann/fome13,285056
Mittelmann/fome20,232647
Mittelmann/fome21,465294
Mittelmann/neos,1526794
Mittelmann/neos1,599590
Mittelmann/neos2,685087
Mittelmann/neos3,2055024
Mittelmann/spal_004,46168124
Quaglino/viscoplastic1,61166
Quaglino/viscoplastic2,381326
Moqri/MISKnowledgeMap,28511
Rajat/rajat25,607235
Rajat/rajat23,556938
Rajat/rajat24,1948235
Rajat/rajat22,197264
Rajat/rajat21,1893370
Rajat/rajat20,605045
Rajat/rajat19,5399
Rajat/rajat18,485143
Rajat/rajat01,43250
Rajat/rajat02,6566
Rajat/rajat03,32653
Rajat/rajat04,9642
Rajat/rajat05,1384
Rajat/rajat06,28922
Rajat/rajat07,39342
Rajat/rajat08,51362
Rajat/rajat09,64982
Rajat/rajat10,80202
Rajat/rajat11,812
Rajat/rajat12,12926
Rajat/rajat13,48922
Rajat/rajat14,1503
Rajat/rajat15,443573
Rajat/rajat16,641159
Rajat/rajat17,641159
Rajat/rajat26,249302
Rajat/rajat27,99777
Rajat/rajat28,607235
Rajat/rajat29,4866270
Rajat/rajat30,6175377
Rajat/rajat31,20316253
Rajat/Raj1,1302464
Morandini/robot,870
Morandini/rotor1,708
Morandini/rotor2,10685
Raju/laminar_duct3D,3833077
Muite/Chebyshev1,2319
Muite/Chebyshev2,18447
Muite/Chebyshev3,36879
Muite/Chebyshev4,5377761
Mulvey/finan512,335872
Mulvey/pfinan512,335872
Rommes/bauru5727,145019
Rommes/zeros_nopss_13k,48827
Rommes/descriptor_xingo6u,73916
Rommes/nopss_11k,44941
Rommes/xingo3012,74386
Rommes/bips98_606,34738
Rommes/bips98_1142,40983
Rommes/bips98_1450,44678
Rommes/bips07_1693,49044
Rommes/bips07_1998,62198
Rommes/bips07_2476,66498
Rommes/bips07_3078,75729
Rommes/M10PI_n1,1317
Rommes/M20PI_n1,2547
Rommes/M40PI_n1,5007
Rommes/M80PI_n1,9927
Rommes/M10PI_n,1633
Rommes/M20PI_n,2881
Rommes/M40PI_n,5341
Rommes/M80PI_n,10261
Rommes/S10PI_n1,1317
Rommes/S20PI_n1,2547
Rommes/S40PI_n1,5007
Rommes/S80PI_n1,9927
Rommes/S10PI_n,1633
Rommes/S20PI_n,2881
Rommes/S40PI_n,5341
Rommes/ww_36_pmec_36,1194
Rommes/ww_vref_6405,48737
Rommes/xingo_afonso_itaipu,48735
Rommes/mimo8x8_system,48872
Rommes/mimo28x28_system,48737
Rommes/mimo46x46_system,48735
Rommes/juba40k,144945
Rommes/S80PI_n,10261
Ronis/xenon1,1181120
Ronis/xenon2,3866688
Mycielski/mycielskian2,1
Mycielski/mycielskian3,5
Mycielski/mycielskian4,20
Mycielski/mycielskian5,71
Mycielski/mycielskian6,236
Mycielski/mycielskian7,755
Mycielski/mycielskian8,2360
Mycielski/mycielskian9,7271
Mycielski/mycielskian10,22196
Mycielski/mycielskian11,67355
Mycielski/mycielskian12,203600
Mycielski/mycielskian13,613871
Mycielski/mycielskian14,1847756
Mycielski/mycielskian15,5555555
Mycielski/mycielskian16,16691240
Mycielski/mycielskian17,50122871
Mycielski/mycielskian18,150466916
Mycielski/mycielskian19,451597355
Mycielski/mycielskian20,1355185280
Rost/RFdevice,365580
ND/nd3k,1644345
ND/nd6k,3457658
ND/nd12k,7128473
ND/nd24k,14393817
Rothberg/3dtube,1629474
Rothberg/cfd1,949510
Rothberg/cfd2,1605669
Rothberg/gearbox,4617075
Rothberg/struct3,613632
Rothberg/struct4,121074
NYPA/Maragal_1,234
NYPA/Maragal_2,4357
NYPA/Maragal_3,18391
NYPA/Maragal_4,26719
NYPA/Maragal_5,93091
NYPA/Maragal_6,537694
NYPA/Maragal_7,1200537
NYPA/Maragal_8,1308415
Rucci/Rucci1,7791168
Nasa/barth,26439
Nasa/barth4,23492
Nasa/barth5,61484
Nasa/nasa2146,37198
Nasa/nasasrb,1366097
Nasa/pwt,181313
Nasa/shuttle_eddy,57014
Nasa/skirt,104559
Nasa/nasa1824,20516
Nasa/nasa2910,88603
Nasa/nasa4704,54730
Rudnyi/water_tank,2035281
SNAP/roadNet-CA,2766607
SNAP/as-735,13895
SNAP/soc-Epinions1,508837
SNAP/soc-LiveJournal1,68993773
SNAP/as-caida,106762
SNAP/soc-Slashdot0811,905468
SNAP/Oregon-1,23409
SNAP/soc-Slashdot0902,948464
SNAP/wiki-Vote,103689
SNAP/email-EuAll,420045
SNAP/email-Enron,183831
SNAP/wiki-Talk,5021410
SNAP/cit-HepPh,421578
SNAP/cit-HepTh,352807
SNAP/cit-Patents,16518948
SNAP/ca-AstroPh,198110
SNAP/ca-CondMat,93497
SNAP/ca-GrQc,14496
SNAP/ca-HepPh,118521
SNAP/ca-HepTh,25998
SNAP/web-BerkStan,7600595
SNAP/web-Google,5105039
SNAP/Oregon-2,32730
SNAP/web-NotreDame,1497134
SNAP/web-Stanford,2312497
SNAP/amazon0302,1234877
SNAP/amazon0312,3200440
SNAP/amazon0505,3356824
SNAP/amazon0601,3387388
SNAP/p2p-Gnutella04,39994
SNAP/p2p-Gnutella05,31839
SNAP/p2p-Gnutella06,31525
SNAP/p2p-Gnutella08,20777
SNAP/p2p-Gnutella09,26013
SNAP/p2p-Gnutella24,65369
SNAP/p2p-Gnutella25,54705
SNAP/p2p-Gnutella30,88328
SNAP/p2p-Gnutella31,147892
SNAP/roadNet-PA,1541898
SNAP/roadNet-TX,1921660
SNAP/as-Skitter,11095298
SNAP/soc-sign-epinions,841372
SNAP/soc-sign-Slashdot081106,516575
SNAP/soc-sign-Slashdot090216,545671
SNAP/soc-sign-Slashdot090221,549202
SNAP/CollegeMsg,20296
SNAP/com-Amazon,925872
SNAP/com-DBLP,1049866
SNAP/com-Friendster,1806067135
SNAP/com-LiveJournal,34681189
SNAP/com-Orkut,117185083
SNAP/com-Youtube,2987624
SNAP/email-Eu-core,25571
SNAP/email-Eu-core-temporal,24929
SNAP/higgs-twitter,14855842
SNAP/loc-Brightkite,214078
SNAP/loc-Gowalla,950327
SNAP/soc-Pokec,30622564
SNAP/soc-sign-bitcoin-alpha,24186
SNAP/soc-sign-bitcoin-otc,35592
SNAP/sx-askubuntu,596933
SNAP/sx-mathoverflow,239978
SNAP/sx-stackoverflow,36233450
SNAP/sx-superuser,924886
SNAP/twitter7,1468365182
SNAP/wiki-RfA,188077
SNAP/wiki-talk-temporal,3309592
SNAP/wiki-topcats,28511807
Sandia/ASIC_100k,954163
Sandia/oscil_dcop_04,1544
Sandia/ASIC_320k,2635364
Sandia/oscil_dcop_01,1544
Sandia/ASIC_680k,3871773
Sandia/oscil_dcop_02,1544
Sandia/oscil_dcop_03,1544
Sandia/oscil_dcop_38,1544
Sandia/oscil_dcop_39,1544
Sandia/oscil_dcop_40,1544
Sandia/oscil_dcop_41,1544
Sandia/oscil_dcop_42,1544
Sandia/oscil_dcop_43,1544
Sandia/oscil_dcop_44,1544
Sandia/oscil_dcop_45,1544
Sandia/oscil_dcop_46,1544
Sandia/oscil_dcop_47,1544
Sandia/oscil_dcop_48,1544
Sandia/oscil_dcop_49,1544
Sandia/oscil_dcop_50,1544
Sandia/oscil_dcop_51,1544
Sandia/oscil_dcop_52,1544
Sandia/oscil_dcop_53,1544
Sandia/oscil_dcop_54,1544
Sandia/oscil_dcop_55,1544
Sandia/oscil_dcop_56,1544
Sandia/oscil_dcop_57,1544
Sandia/oscil_trans_01,1614
Sandia/ASIC_100ks,578890
Sandia/ASIC_320ks,1827807
Sandia/ASIC_680ks,2329176
Sandia/mult_dcop_02,193276
Sandia/mult_dcop_03,193216
Sandia/mult_dcop_01,193276
Sandia/fpga_trans_02,7382
Sandia/init_adder1,11156
Sandia/fpga_dcop_51,5892
Sandia/fpga_trans_01,7382
Sandia/fpga_dcop_50,5892
Sandia/fpga_dcop_49,5892
Sandia/fpga_dcop_40,5892
Sandia/fpga_dcop_41,5892
Sandia/fpga_dcop_42,5892
Sandia/fpga_dcop_43,5892
Sandia/fpga_dcop_44,5892
Sandia/fpga_dcop_45,5892
Sandia/fpga_dcop_46,5892
Sandia/fpga_dcop_47,5892
Sandia/fpga_dcop_48,5892
Sandia/fpga_dcop_36,5892
Sandia/fpga_dcop_37,5892
Sandia/fpga_dcop_38,5892
Sandia/fpga_dcop_39,5892
Sandia/fpga_dcop_32,5892
Sandia/fpga_dcop_33,5892
Sandia/fpga_dcop_34,5892
Sandia/fpga_dcop_35,5892
Sandia/adder_dcop_36,11246
Sandia/adder_dcop_37,11246
Sandia/adder_dcop_38,11246
Sandia/adder_dcop_39,11246
Sandia/adder_dcop_40,11246
Sandia/adder_dcop_41,11246
Sandia/adder_dcop_42,11246
Sandia/adder_dcop_43,11246
Sandia/adder_dcop_44,11245
Sandia/adder_dcop_45,11246
Sandia/adder_dcop_46,11246
Sandia/adder_dcop_47,11246
Sandia/adder_dcop_48,11246
Sandia/adder_dcop_49,11246
Sandia/adder_dcop_50,11246
Sandia/adder_dcop_51,11246
Sandia/adder_dcop_52,11246
Sandia/adder_dcop_53,11246
Sandia/adder_dcop_54,11246
Sandia/adder_dcop_55,11246
Sandia/adder_dcop_56,11246
Sandia/adder_dcop_57,11246
Sandia/adder_dcop_58,11246
Sandia/adder_dcop_59,11246
Sandia/adder_dcop_60,11246
Sandia/adder_dcop_61,11246
Sandia/adder_dcop_62,11246
Sandia/adder_dcop_63,11246
Sandia/adder_dcop_64,11246
Sandia/adder_dcop_65,11246
Sandia/adder_dcop_66,11246
Sandia/adder_dcop_67,11246
Sandia/adder_dcop_68,11246
Sandia/adder_dcop_69,11246
Sandia/adder_trans_01,14579
Sandia/adder_trans_02,14579
Sandia/fpga_dcop_01,5892
Sandia/fpga_dcop_02,5892
Sandia/fpga_dcop_03,5892
Sandia/fpga_dcop_04,5884
Sandia/fpga_dcop_05,5852
Sandia/fpga_dcop_06,5860
Sandia/fpga_dcop_07,5855
Sandia/fpga_dcop_08,5888
Sandia/fpga_dcop_09,5888
Sandia/fpga_dcop_10,5884
Sandia/fpga_dcop_11,5892
Sandia/fpga_dcop_12,5892
Sandia/fpga_dcop_13,5892
Sandia/fpga_dcop_14,5892
Sandia/fpga_dcop_15,5892
Sandia/fpga_dcop_16,5892
Sandia/fpga_dcop_17,5892
Sandia/adder_dcop_01,11156
Sandia/adder_dcop_02,11246
Sandia/adder_dcop_03,11148
Sandia/adder_dcop_04,11107
Sandia/adder_dcop_05,11097
Sandia/adder_dcop_06,11224
Sandia/adder_dcop_07,11226
Sandia/adder_dcop_08,11242
Sandia/adder_dcop_09,11239
Sandia/adder_dcop_10,11232
Sandia/adder_dcop_11,11243
Sandia/adder_dcop_12,11246
Sandia/adder_dcop_13,11245
Sandia/adder_dcop_14,11246
Sandia/adder_dcop_15,11246
Sandia/adder_dcop_16,11246
Sandia/adder_dcop_17,11246
Sandia/adder_dcop_18,11246
Sandia/adder_dcop_19,11245
Sandia/adder_dcop_20,11246
Sandia/adder_dcop_21,11246
Sandia/adder_dcop_22,11246
Sandia/adder_dcop_23,11246
Sandia/adder_dcop_24,11246
Sandia/adder_dcop_25,11246
Sandia/adder_dcop_26,11246
Sandia/adder_dcop_27,11246
Sandia/adder_dcop_28,11246
Sandia/adder_dcop_29,11246
Sandia/adder_dcop_30,11246
Sandia/adder_dcop_31,11246
Sandia/adder_dcop_32,11246
Sandia/adder_dcop_33,11246
Sandia/adder_dcop_34,11246
Sandia/adder_dcop_35,11246
Sandia/fpga_dcop_18,5892
Sandia/fpga_dcop_19,5892
Sandia/fpga_dcop_20,5892
Sandia/fpga_dcop_21,5892
Sandia/fpga_dcop_22,5892
Sandia/fpga_dcop_23,5892
Sandia/fpga_dcop_24,5892
Sandia/fpga_dcop_25,5892
Sandia/fpga_dcop_26,5892
Sandia/fpga_dcop_27,5892
Sandia/fpga_dcop_28,5892
Sandia/fpga_dcop_29,5892
Sandia/fpga_dcop_30,5892
Sandia/fpga_dcop_31,5892
Sandia/oscil_dcop_05,1544
Sandia/oscil_dcop_06,1544
Sandia/oscil_dcop_07,1544
Sandia/oscil_dcop_08,1544
Sandia/oscil_dcop_09,1544
Sandia/oscil_dcop_10,1544
Sandia/oscil_dcop_11,1544
Sandia/oscil_dcop_12,1544
Sandia/oscil_dcop_13,1544
Sandia/oscil_dcop_14,1544
Sandia/oscil_dcop_15,1544
Sandia/oscil_dcop_16,1544
Sandia/oscil_dcop_17,1544
Sandia/oscil_dcop_18,1544
Sandia/oscil_dcop_19,1544
Sandia/oscil_dcop_20,1544
Sandia/oscil_dcop_21,1544
Sandia/oscil_dcop_22,1544
Sandia/oscil_dcop_23,1544
Sandia/oscil_dcop_24,1544
Sandia/oscil_dcop_25,1544
Sandia/oscil_dcop_26,1544
Sandia/oscil_dcop_27,1544
Sandia/oscil_dcop_28,1544
Sandia/oscil_dcop_29,1544
Sandia/oscil_dcop_30,1544
Sandia/oscil_dcop_31,1544
Sandia/oscil_dcop_32,1544
Sandia/oscil_dcop_33,1544
Sandia/oscil_dcop_34,1544
Sandia/oscil_dcop_35,1544
Sandia/oscil_dcop_36,1544
Sandia/oscil_dcop_37,1544
Sanghavi/ecl32,380415
Schenk/nlpkkt80,14883536
Schenk/nlpkkt120,50194096
Schenk/nlpkkt160,118931856
Schenk/nlpkkt200,232232816
Schenk/nlpkkt240,401232976
Schenk_AFE/af_shell1,9046865
Schenk_AFE/af_shell2,9046865
Schenk_AFE/af_shell3,9046865
Schenk_AFE/af_shell4,9046865
Schenk_AFE/af_shell5,9046865
Schenk_AFE/af_shell6,9046865
Schenk_AFE/af_shell7,9046865
Schenk_AFE/af_shell8,9046865
Schenk_AFE/af_shell9,9046865
Schenk_AFE/af_0_k101,9027150
Schenk_AFE/af_1_k101,9027150
Schenk_AFE/af_2_k101,9027150
Schenk_AFE/af_3_k101,9027150
Schenk_AFE/af_4_k101,9027150
Schenk_AFE/af_5_k101,9027150
Schenk_AFE/af_shell10,27090195
Schenk_IBMNA/c-64b,384438
Schenk_IBMNA/c-66b,274498
Schenk_IBMNA/c-big,1343126
Schenk_IBMNA/c-67b,294955
Schenk_IBMNA/c-73b,724348
Schenk_IBMNA/c-62,300537
Schenk_IBMNA/c-64,384438
Schenk_IBMNA/c-66,274498
Schenk_IBMNA/c-67,294955
Schenk_IBMNA/c-73,724348
Schenk_IBMNA/c-18,8657
Schenk_IBMNA/c-19,12072
Schenk_IBMNA/c-20,12803
Schenk_IBMNA/c-21,17833
Schenk_IBMNA/c-22,16332
Schenk_IBMNA/c-23,17524
Schenk_IBMNA/c-24,19909
Schenk_IBMNA/c-25,26716
Schenk_IBMNA/c-26,19422
Schenk_IBMNA/c-27,17969
Schenk_IBMNA/c-28,17594
Schenk_IBMNA/c-29,24382
Schenk_IBMNA/c-30,35507
Schenk_IBMNA/c-31,41955
Schenk_IBMNA/c-32,30223
Schenk_IBMNA/c-33,31220
Schenk_IBMNA/c-34,35472
Schenk_IBMNA/c-35,34714
Schenk_IBMNA/c-36,36710
Schenk_IBMNA/c-37,41440
Schenk_IBMNA/c-38,42908
Schenk_IBMNA/c-39,73041
Schenk_IBMNA/c-40,45721
Schenk_IBMNA/c-41,55757
Schenk_IBMNA/c-42,60378
Schenk_IBMNA/c-43,67400
Schenk_IBMNA/c-44,47864
Schenk_IBMNA/c-45,93829
Schenk_IBMNA/c-46,72655
Schenk_IBMNA/c-47,113372
Schenk_IBMNA/c-48,92217
Schenk_IBMNA/c-49,89087
Schenk_IBMNA/c-50,108013
Schenk_IBMNA/c-51,113123
Schenk_IBMNA/c-52,113332
Schenk_IBMNA/c-53,201224
Schenk_IBMNA/c-54,211743
Schenk_IBMNA/c-56,208405
Schenk_IBMNA/c-57,221515
Schenk_IBMNA/c-60,171109
Schenk_IBMNA/c-61,176817
Schenk_IBMNA/c-65,204297
Schenk_IBMSDS/2D_27628_bjtcai,442898
Schenk_IBMSDS/2D_54019_highK,996414
Schenk_IBMSDS/3D_28984_Tetra,599170
Schenk_IBMSDS/3D_51448_3D,1056610
Schenk_IBMSDS/ibm_matrix_2,1056610
Schenk_IBMSDS/matrix_9,2121550
Schenk_IBMSDS/matrix-new_3,2678750
Schenk_ISEI/barrier2-10,3897557
Schenk_ISEI/barrier2-11,3897557
Schenk_ISEI/barrier2-12,3897557
Schenk_ISEI/barrier2-1,3805068
Schenk_ISEI/barrier2-2,3805068
Schenk_ISEI/barrier2-3,3805068
Schenk_ISEI/barrier2-4,3805068
Schenk_ISEI/barrier2-9,3897557
Schenk_ISEI/igbt3,234006
Schenk_ISEI/nmos3,386594
Schenk_ISEI/ohne2,11063545
Schenk_ISEI/para-10,5416358
Schenk_ISEI/para-4,5326228
Schenk_ISEI/para-5,5416358
Schenk_ISEI/para-6,5416358
Schenk_ISEI/para-7,5416358
Schenk_ISEI/para-8,5416358
Schenk_ISEI/para-9,5416358
Schmid/thermal1,328556
Schmid/thermal2,4904179
Schulthess/N_biocarta,4335
Schulthess/N_pid,8054
Schulthess/N_reactome,43816
Shen/e40r0100,553562
Shen/shermanACa,25220
Shen/shermanACb,145149
Shen/shermanACd,53329
Shyy/shyy161,329762
Shyy/shyy41,20042
Simon/appu,1853104
Simon/bbmat,1771722
Simon/olafu,515651
Simon/raefsky1,294276
Simon/raefsky2,294276
Simon/raefsky3,1488768
Simon/raefsky4,674195
Simon/raefsky5,168658
Simon/raefsky6,137845
Simon/venkat01,1717792
Simon/venkat25,1717792
Simon/venkat50,1717792
Sinclair/3Dspectralwave,17165766
Sinclair/3Dspectralwave2,7307376
Sorensen/Linux_call_graph,1208908
Springer/ESOC,6019939
ACUSIM/Pres_Poisson,365313
Stevenson/LargeRegFile,4944201
AG-Monien/3elt,13722
AG-Monien/3elt_dual,13278
AG-Monien/airfoil1,12289
AG-Monien/airfoil1_dual,11813
AG-Monien/big_dual,44929
AG-Monien/crack,30380
AG-Monien/crack_dual,30043
AG-Monien/grid1,476
AG-Monien/grid1_dual,420
AG-Monien/grid2,6432
AG-Monien/grid2_dual,6112
AG-Monien/netz4504,2578
AG-Monien/netz4504_dual,1171
AG-Monien/ukerbe1,7852
AG-Monien/ukerbe1_dual,3538
AG-Monien/whitaker3,28989
AG-Monien/whitaker3_dual,28581
AG-Monien/brack2,366559
AG-Monien/wave,1059331
AG-Monien/diag,4092
AG-Monien/L,1820
AG-Monien/L-9,35596
AG-Monien/stufe,1868
AG-Monien/stufe-10,46414
AG-Monien/biplane-9,42038
AG-Monien/shock-9,71290
AG-Monien/bfly,98304
AG-Monien/cage,2562
AG-Monien/cca,69632
AG-Monien/ccc,73728
AG-Monien/debr,2097149
AG-Monien/se,49150
Sumner/graphics,117954
AMD/G2_circuit,438388
AMD/G3_circuit,4623152
Sybrandt/MOLIERE_2016,3338650683
Sybrandt/AGATHA_2015,5794362982
ANSYS/Delor64K,652140
ANSYS/Delor295K,2401323
ANSYS/Delor338K,4211599
Szczerba/Ill_Stokes,191368
ATandT/onetone1,341088
ATandT/onetone2,227628
ATandT/pre2,5959282
ATandT/twotone,1224224
TAMU_SmartGridCenter/ACTIVSg2000,29336
TAMU_SmartGridCenter/ACTIVSg10K,137736
TAMU_SmartGridCenter/ACTIVSg70K,154313
Alemdar/Alemdar,24413
TKK/s4dkt3m2,1921955
TKK/g3rmt3m3,106526
TKK/t520,145952
TKK/smt,1889447
TKK/engine,2424822
TKK/plbuckle,15963
TKK/cbuckle,345098
TKK/cyl6,363961
TKK/tube1,459277
TKK/tube2,459277
TKK/t2d_q4,87025
TKK/t2d_q9,87025
Andrews/Andrews,410077
TOKAMAK/utm1700b,21509
TOKAMAK/utm300,3155
TOKAMAK/utm3060,42211
TOKAMAK/utm5940,83842
Andrianov/ex3sta1,347890
Andrianov/fxm3_6,49526
Andrianov/fxm4_6,258368
Andrianov/ins2,1530448
Andrianov/lp1,1088904
Andrianov/lpl1,180248
Andrianov/mip1,5209641
Andrianov/net100,1031560
Andrianov/net125,1306960
Andrianov/net150,1582360
Andrianov/net25,205360
Andrianov/net4-1,1265035
Andrianov/net50,480760
Andrianov/net75,756160
Andrianov/pattern1,4671337
Andrianov/pf2177,367436
TSOPF/TSOPF_RS_b678_c2,8781949
TSOPF/TSOPF_RS_b9_c6,54082
TSOPF/TSOPF_RS_b678_c1,4396289
TSOPF/TSOPF_RS_b39_c30,1079986
TSOPF/TSOPF_RS_b39_c7,252446
TSOPF/TSOPF_RS_b300_c3,4413449
TSOPF/TSOPF_RS_b39_c19,684206
TSOPF/TSOPF_RS_b300_c1,1474325
TSOPF/TSOPF_RS_b300_c2,2943887
TSOPF/TSOPF_RS_b2052_c1,6761100
TSOPF/TSOPF_RS_b2383_c1,16171169
TSOPF/TSOPF_FS_b9_c1,12831
TSOPF/TSOPF_FS_b9_c6,75801
TSOPF/TSOPF_RS_b162_c1,205399
TSOPF/TSOPF_RS_b162_c3,610299
TSOPF/TSOPF_FS_b39_c19,998359
TSOPF/TSOPF_RS_b2383,16171169
TSOPF/TSOPF_FS_b300,2203949
TSOPF/TSOPF_FS_b162_c1,305732
TSOPF/TSOPF_FS_b162_c3,904612
TSOPF/TSOPF_FS_b162_c4,1204322
TSOPF/TSOPF_FS_b300_c1,2203949
TSOPF/TSOPF_FS_b300_c2,4391071
TSOPF/TSOPF_FS_b300_c3,6578753
TSOPF/TSOPF_FS_b39_c30,1575639
TSOPF/TSOPF_FS_b39_c7,368599
TSOPF/TSOPF_RS_b162_c4,812749
Arenas/PGPgiantcompo,24316
Arenas/jazz,2742
Arenas/celegans_metabolic,2040
Arenas/email,5451
Toledo/deltaX,247424
Averous/epb0,7764
Averous/epb1,95053
Averous/epb2,175027
Averous/epb3,463625
Tromble/language,1216334
Bai/af23560,484256
Bai/bfwa398,3678
Bai/bfwa62,450
Bai/bfwa782,7514
Bai/bfwb398,1654
Bai/bfwb62,202
Bai/bfwb782,3382
Bai/bwm200,796
Bai/bwm2000,7996
Bai/cdde1,4681
Bai/cdde2,4681
Bai/cdde3,4681
Bai/cdde4,4681
Bai/cdde5,4681
Bai/cdde6,4681
Bai/ck104,992
Bai/ck400,2860
Bai/ck656,3884
Bai/dw1024,10114
Bai/dw256A,2480
Bai/dw256B,2500
Bai/dw4096,41746
Bai/lop163,935
Bai/mhda416,8562
Bai/mhdb416,1364
Bai/odepa400,1201
Bai/odepb400,399
Bai/olm100,396
Bai/olm1000,3996
Bai/olm2000,7996
Bai/olm500,1996
Bai/olm5000,19996
Bai/pde225,1065
Bai/pde2961,14585
Bai/pde900,4380
Bai/qc2534,232947
Bai/qc324,13527
Bai/qh882,3354
Bai/rbsa480,17088
Bai/rbsb480,17088
Bai/rdb2048,12032
Bai/rdb5000,29600
Bai/rdb968,5632
Bai/rw136,479
Bai/rw496,1859
Bai/rw5151,20199
Bai/tub100,396
Bai/tub1000,3996
Bai/cryg10000,49699
Bai/cryg2500,12349
Bai/dw2048,10114
Bai/dw8192,41746
Bai/dwa512,2480
Bai/dwb512,2500
Bai/dwg961a,2055
Bai/dwg961b,5776
Bai/mhd1280a,47906
Bai/mhd1280b,12029
Bai/mhd3200a,68026
Bai/mhd3200b,10758
Bai/mhd4800a,102252
Bai/mhd4800b,16160
Bai/qh1484,6110
Bai/qh768,2934
Bai/rdb1250,7300
Bai/rdb1250l,7300
Bai/rdb200,1120
Bai/rdb200l,1120
Bai/rdb2048_noL,12032
Bai/rdb3200l,18880
Bai/rdb450,2580
Bai/rdb450l,2580
Bai/rdb800l,4640
Bai/tols1090,3546
Bai/tols2000,5184
Bai/tols340,2196
Bai/tols4000,8784
Bai/tols90,1746
UTEP/Dubcova1,134569
UTEP/Dubcova2,547625
UTEP/Dubcova3,1891669
Barabasi/NotreDame_actors,1470404
Barabasi/NotreDame_www,929849
Barabasi/NotreDame_yeast,2277
Um/2cubes_sphere,874378
Um/offshore,2251231
Bates/Chem97Zt,62044
Bates/Chem97ZtZ,4951
Bates/sls,6804304
VDOL/spaceStation_8,9797
VDOL/spaceStation_9,10168
VDOL/spaceStation_10,9096
VDOL/spaceStation_11,9860
VDOL/spaceStation_12,10260
VDOL/spaceStation_13,12279
VDOL/spaceStation_14,12623
VDOL/freeFlyingRobot_2,6200
VDOL/tumorAntiAngiogenesis_1,953
VDOL/freeFlyingRobot_1,2861
VDOL/tumorAntiAngiogenesis_2,1441
VDOL/freeFlyingRobot_3,6975
VDOL/tumorAntiAngiogenesis_3,2099
VDOL/freeFlyingRobot_4,9815
VDOL/tumorAntiAngiogenesis_4,2433
VDOL/freeFlyingRobot_5,13153
VDOL/tumorAntiAngiogenesis_5,2483
VDOL/tumorAntiAngiogenesis_6,2537
VDOL/tumorAntiAngiogenesis_7,2441
VDOL/tumorAntiAngiogenesis_8,2535
VDOL/freeFlyingRobot_6,14521
VDOL/freeFlyingRobot_7,16697
VDOL/freeFlyingRobot_8,18797
VDOL/freeFlyingRobot_9,21414
VDOL/freeFlyingRobot_10,21604
VDOL/freeFlyingRobot_11,21657
VDOL/freeFlyingRobot_12,22642
VDOL/freeFlyingRobot_13,23711
VDOL/freeFlyingRobot_14,23435
VDOL/freeFlyingRobot_15,23499
VDOL/freeFlyingRobot_16,23825
VDOL/goddardRocketProblem_1,4457
VDOL/goddardRocketProblem_2,4746
VDOL/hangGlider_1,1838
VDOL/hangGlider_2,7834
VDOL/hangGlider_3,49201
VDOL/hangGlider_4,79088
VDOL/hangGlider_5,82070
VDOL/kineticBatchReactor_1,10836
VDOL/kineticBatchReactor_2,23559
VDOL/kineticBatchReactor_3,27937
VDOL/kineticBatchReactor_4,39290
VDOL/kineticBatchReactor_5,42379
VDOL/kineticBatchReactor_6,43280
VDOL/kineticBatchReactor_7,44335
VDOL/kineticBatchReactor_8,44700
VDOL/kineticBatchReactor_9,45211
VDOL/lowThrust_1,3314
VDOL/lowThrust_2,13772
VDOL/lowThrust_3,42284
VDOL/lowThrust_4,84240
VDOL/lowThrust_5,103701
VDOL/lowThrust_6,108376
VDOL/lowThrust_7,110607
VDOL/lowThrust_8,113139
VDOL/lowThrust_9,114806
VDOL/lowThrust_10,116074
VDOL/lowThrust_11,117002
VDOL/lowThrust_12,117423
VDOL/lowThrust_13,117580
VDOL/orbitRaising_1,1573
VDOL/orbitRaising_2,3464
VDOL/orbitRaising_3,3256
VDOL/orbitRaising_4,4144
VDOL/reorientation_1,3861
VDOL/reorientation_2,9408
VDOL/reorientation_3,16821
VDOL/reorientation_4,17613
VDOL/reorientation_5,18648
VDOL/reorientation_6,19554
VDOL/reorientation_7,19473
VDOL/reorientation_8,19860
VDOL/spaceShuttleEntry_1,3605
VDOL/spaceShuttleEntry_2,12444
VDOL/spaceShuttleEntry_3,14902
VDOL/spaceShuttleEntry_4,20534
VDOL/spaceStation_1,489
VDOL/spaceStation_2,2999
VDOL/spaceStation_3,2681
VDOL/spaceStation_4,7079
VDOL/spaceStation_5,7895
VDOL/spaceStation_6,9109
VDOL/spaceStation_7,9444
VDOL/dynamicSoaringProblem_1,2865
VDOL/dynamicSoaringProblem_2,8241
VDOL/dynamicSoaringProblem_3,16818
VDOL/dynamicSoaringProblem_4,19155
VDOL/dynamicSoaringProblem_5,19314
VDOL/dynamicSoaringProblem_6,19335
VDOL/dynamicSoaringProblem_7,19827
VDOL/dynamicSoaringProblem_8,20064
Belcastro/human_gene1,12345963
Belcastro/human_gene2,9041364
Belcastro/mouse_gene,14506196
VLSI/vas_stokes_2M,65129037
VLSI/nv1,2449194
VLSI/nv2,52728362
VLSI/imagesensor,1893170
VLSI/mosfet2,1499460
VLSI/power9,2512300
VLSI/radiation,7637688
VLSI/test1,12968200
VLSI/dgreen,38259877
VLSI/vas_stokes_1M,34767207
VLSI/vas_stokes_4M,131577616
VLSI/stokes,349321980
VLSI/ss1,845089
VLSI/ss,34753577
BenElechi/BenElechi1,6698185
VanVelzen/std1_Jac2_db,498771
VanVelzen/std1_Jac2,1248731
VanVelzen/std1_Jac3_db,531826
VanVelzen/std1_Jac3,1455848
VanVelzen/Zd_Jac2_db,676439
VanVelzen/Zd_Jac2,1642833
VanVelzen/Zd_Jac3_db,713907
VanVelzen/Zd_Jac3,1916152
VanVelzen/Zd_Jac6_db,663643
VanVelzen/Zd_Jac6,1711983
Bindel/ted_A,424587
Bindel/ted_B,77592
Bindel/ted_AB,522387
Bindel/ted_A_unscaled,424587
Bindel/ted_B_unscaled,77592
Bindel/ted_AB_unscaled,522387
Vavasis/av41092,1683902
Bodendiek/CurlCurl_0,62213
Bodendiek/CurlCurl_1,1349261
Bodendiek/CurlCurl_2,4864159
Bodendiek/CurlCurl_3,7382096
Bodendiek/CurlCurl_4,14448191
Wang/swang1,20841
Wang/swang2,20841
Wang/wang1,19093
Wang/wang2,19093
Wang/wang3,177168
Wang/wang4,177196
Boeing/bcsstk34,11003
Boeing/bcsstk35,740200
Boeing/bcsstk36,583096
Boeing/bcsstk37,583240
Boeing/bcsstk38,181746
Boeing/bcsstm34,12429
Boeing/bcsstm35,18211
Boeing/bcsstm36,166389
Boeing/bcsstm37,14765
Boeing/bcsstm38,7842
Boeing/bcsstm39,46772
Boeing/crystk01,160383
Boeing/crystk02,491274
Boeing/crystk03,887937
Boeing/crystm01,55107
Boeing/crystm02,168435
Boeing/crystm03,304233
Boeing/ct20stif,1375396
Boeing/msc00726,17622
Boeing/msc01050,15103
Boeing/msc01440,23855
Boeing/msc04515,51111
Boeing/msc10848,620313
Boeing/msc23052,588933
Boeing/nasa1824,20516
Boeing/nasa2910,88603
Boeing/nasa4704,54730
Boeing/pcrystk02,491274
Boeing/pcrystk03,887937
Boeing/pct20stif,1375396
Boeing/pwtk,5926171
Boeing/bcsstk39,1068033
Watson/chem_master1,201201
Watson/Baumann,760631
Bomhof/circuit_1,35823
Bomhof/circuit_2,21199
Bomhof/circuit_3,48137
Bomhof/circuit_4,307604
Williams/pdb1HYS,2190591
Williams/consph,3046907
Williams/cant,2034917
Williams/mac_econ_fwd500,1273389
Williams/mc2depi,2100225
Williams/cop20k_A,1362087
Williams/webbase-1M,3105536
Botonakis/FEM_3D_thermal1,430740
Botonakis/FEM_3D_thermal2,3489300
Botonakis/thermomech_TC,406858
Botonakis/thermomech_TK,406858
Botonakis/thermomech_dM,813716
Botonakis/thermomech_dK,2846228
Wissgott/parabolic_fem,2100225
Bourchtein/atmosmodd,8814880
Bourchtein/atmosmodj,8814880
Bourchtein/atmosmodl,10319760
Bourchtein/atmosmodm,10319760
YCheng/psse0,102432
YCheng/psse1,57376
YCheng/psse2,115262
Bova/rma10,2374001
YZhou/circuit204,5883
Brethour/coater1,19457
Brethour/coater2,207308
Yoshiyasu/image_interp,711683
Yoshiyasu/mesh_deform,853829
Brogan/specular,7647616
Zaoui/kkt_power,8130343
Brunetiere/thermal,66528
Zhao/Zhao1,166453
Zhao/Zhao2,166453
Buss/connectus,1127525
Buss/12month1,22624727
Zitney/extr1,11407
Zitney/hydr1,23752
Zitney/radfr1,13299
Zitney/rdist1,94408
Zitney/rdist2,56934
Zitney/rdist3a,61896
Zitney/extr1b,11404
Zitney/hydr1c,23752
Bydder/mri1,589824
Bydder/mri2,569160
vanHeukelum/cage3,19
vanHeukelum/cage4,49
vanHeukelum/cage5,233
vanHeukelum/cage6,785
vanHeukelum/cage7,3084
vanHeukelum/cage8,11003
vanHeukelum/cage9,41594
vanHeukelum/cage10,150645
vanHeukelum/cage11,559722
vanHeukelum/cage12,2032536
vanHeukelum/cage13,7479343
vanHeukelum/cage14,27130349
vanHeukelum/cage15,99199551
CEMW/tmt_sym,2903837
CEMW/vfem,1434636
CEMW/t2em,4590832
CEMW/tmt_unsym,4584801
CPM/cz148,1527
CPM/cz308,3182
CPM/cz628,6346
CPM/cz1268,12786
CPM/cz2548,25674
CPM/cz5108,51412
CPM/cz10228,102876
CPM/cz20468,206076
CPM/cz40948,412148
Cannizzo/sts4098,38227
Castrillon/denormal,622812
Chen/pkustk01,500712
Chen/pkustk02,410400
Chen/pkustk03,1596876
Chen/pkustk04,2137125
Chen/pkustk05,1121154
Chen/pkustk06,1307466
Chen/pkustk07,1217832
Chen/pkustk08,1624440
Chen/pkustk09,808800
Chen/pkustk10,2194830
Chen/pkustk11,2652858
Chen/pkustk12,3803485
Chen/pkustk13,3355860
Chen/pkustk14,7494215
Chevron/Chevron1,330633
Chevron/Chevron2,803173
Chevron/Chevron3,3413113
Chevron/Chevron4,6376412
Clark/tomographic1,647495
Cote/mplate,74076
Cote/vibrobox,177578
Cunningham/k3plates,378927
Cunningham/m3plates,6639
Cunningham/qa8fk,863353
Cunningham/qa8fm,863353
Cylshell/s1rmq4m1,143300
Cylshell/s2rmq4m1,143300
Cylshell/s3rmq4m1,143300
Cylshell/s1rmt3m1,112505
Cylshell/s2rmt3m1,112505
Cylshell/s3rmt3m1,112505
Cylshell/s3rmt3m3,106526
DIMACS10/asia_osm,12711603
DIMACS10/caidaRouterLevel,609066
DIMACS10/chesapeake,170
DIMACS10/road_central,16933413
DIMACS10/road_usa,28854312
DIMACS10/italy_osm,7013978
DIMACS10/citationCiteseer,1156647
DIMACS10/598a,741934
DIMACS10/coAuthorsCiteseer,814134
DIMACS10/auto,3314611
DIMACS10/coAuthorsDBLP,977676
DIMACS10/cs4,43858
DIMACS10/coPapersCiteseer,16036720
DIMACS10/coPapersDBLP,15245729
DIMACS10/delaunay_n10,3056
DIMACS10/delaunay_n11,6127
DIMACS10/delaunay_n12,12264
DIMACS10/delaunay_n13,24547
DIMACS10/delaunay_n14,49122
DIMACS10/delaunay_n15,98274
DIMACS10/delaunay_n16,196575
DIMACS10/delaunay_n17,393176
DIMACS10/delaunay_n18,786396
DIMACS10/delaunay_n19,1572823
DIMACS10/delaunay_n20,3145686
DIMACS10/delaunay_n21,6291408
DIMACS10/delaunay_n22,12582869
DIMACS10/delaunay_n23,25165784
DIMACS10/delaunay_n24,50331601
DIMACS10/cti,48232
DIMACS10/hugebubbles-00000,27470081
DIMACS10/data,15093
DIMACS10/hugebubbles-00010,29179764
DIMACS10/fe_body,163734
DIMACS10/hugebubbles-00020,31790179
DIMACS10/fe_4elt2,32818
DIMACS10/hugetrace-00000,6879133
DIMACS10/fe_ocean,409593
DIMACS10/hugetrace-00010,18082179
DIMACS10/fe_rotor,662431
DIMACS10/hugetrace-00020,23998813
DIMACS10/fe_sphere,49152
DIMACS10/hugetric-00000,8733523
DIMACS10/fe_tooth,452591
DIMACS10/hugetric-00010,9885854
DIMACS10/t60k,89440
DIMACS10/hugetric-00020,10680777
DIMACS10/m14b,1679018
DIMACS10/kron_g500-logn16,2456398
DIMACS10/uk,6837
DIMACS10/kron_g500-logn17,5114375
DIMACS10/wing,121544
DIMACS10/kron_g500-logn18,10583222
DIMACS10/M6,10501936
DIMACS10/kron_g500-logn19,21781478
DIMACS10/333SP,11108633
DIMACS10/kron_g500-logn20,44620272
DIMACS10/AS365,11368076
DIMACS10/kron_g500-logn21,91042010
DIMACS10/adaptive,13624320
DIMACS10/venturiLevel3,8054237
DIMACS10/channel-500x100x100-b050,42681372
DIMACS10/144,1074393
DIMACS10/packing-500x100x100-b050,17488243
DIMACS10/rgg_n_2_15_s0,160240
DIMACS10/rgg_n_2_16_s0,342127
DIMACS10/rgg_n_2_17_s0,728753
DIMACS10/rgg_n_2_18_s0,1547283
DIMACS10/rgg_n_2_19_s0,3269766
DIMACS10/rgg_n_2_20_s0,6891620
DIMACS10/rgg_n_2_21_s0,14487995
DIMACS10/rgg_n_2_22_s0,30359198
DIMACS10/rgg_n_2_23_s0,63501393
DIMACS10/rgg_n_2_24_s0,132557200
DIMACS10/belgium_osm,1549970
DIMACS10/europe_osm,54054660
DIMACS10/germany_osm,12369181
DIMACS10/great-britain_osm,8156517
DIMACS10/luxembourg_osm,119666
DIMACS10/netherlands_osm,2441238
DIMACS10/wing_nodal,75488
DIMACS10/G_n_pin_pout,501198
DIMACS10/preferentialAttachment,499985
DIMACS10/smallworld,499998
DIMACS10/NACA0015,3114818
DIMACS10/NLR,12487976
DIMACS10/ak2010,108549
DIMACS10/al2010,615241
DIMACS10/ar2010,452155
DIMACS10/az2010,598047
DIMACS10/ca2010,1744683
DIMACS10/co2010,487287
DIMACS10/ct2010,168176
DIMACS10/de2010,58028
DIMACS10/fl2010,1173147
DIMACS10/ga2010,709028
DIMACS10/hi2010,62063
DIMACS10/ia2010,510585
DIMACS10/id2010,364132
DIMACS10/il2010,1082232
DIMACS10/in2010,640858
DIMACS10/ks2010,560899
DIMACS10/ky2010,393889
DIMACS10/la2010,490317
DIMACS10/ma2010,388305
DIMACS10/md2010,350189
DIMACS10/me2010,167738
DIMACS10/mi2010,789045
DIMACS10/mn2010,613551
DIMACS10/mo2010,828284
DIMACS10/ms2010,419990
DIMACS10/mt2010,319334
DIMACS10/nc2010,708310
DIMACS10/nd2010,312973
DIMACS10/ne2010,456927
DIMACS10/nh2010,117275
DIMACS10/nj2010,414956
DIMACS10/nm2010,415485
DIMACS10/nv2010,208499
DIMACS10/ny2010,854772
DIMACS10/oh2010,884120
DIMACS10/ok2010,637074
DIMACS10/or2010,489756
DIMACS10/pa2010,1029231
DIMACS10/ri2010,62875
DIMACS10/sc2010,446580
DIMACS10/sd2010,205361
DIMACS10/tn2010,596983
DIMACS10/tx2010,2228136
DIMACS10/ut2010,286033
DIMACS10/va2010,701064
DIMACS10/vt2010,77799
DIMACS10/wa2010,473716
DIMACS10/wi2010,604702
DIMACS10/wv2010,331461
DIMACS10/wy2010,213793
DIMACS10/vsp_barth5_1Ksep_50in_5Kout,101805
DIMACS10/vsp_bcsstk30_500sep_10in_1Kout,2016578
DIMACS10/vsp_befref_fxm_2_4_air02,98224
DIMACS10/vsp_bump2_e18_aa01_model1_crew1,300801
DIMACS10/vsp_c-30_data_data,62184
DIMACS10/vsp_c-60_data_cti_cs4,241080
DIMACS10/vsp_data_and_seymourl,55866
DIMACS10/vsp_finan512_scagr7-2c_rlfddd,552020
DIMACS10/vsp_mod2_pgp2_slptsk,389368
DIMACS10/vsp_model1_crew1_cr42_south31,189976
DIMACS10/vsp_msc10848_300sep_100in_1Kout,1221028
DIMACS10/vsp_p0291_seymourl_iiasa,53868
DIMACS10/vsp_sctap1-2b_and_seymourl,140831
DIMACS10/vsp_south31_slptsk,189914
DIMACS10/vsp_vibrobox_scagr7-2c_rlfddd,435586
DNVS/crplat2,489478
DNVS/fcondp2,5748069
DNVS/fullb,5953632
DNVS/halfb,6306219
DNVS/m_t1,4925574
DNVS/ship_001,2339575
DNVS/ship_003,4103881
DNVS/shipsec1,3977139
DNVS/shipsec5,5146478
DNVS/shipsec8,3384159
DNVS/thread,2249892
DNVS/trdheim,978711
DNVS/troll,6099282
DNVS/tsyl201,1237821
DNVS/x104,5138004
DRIVCAV/cavity01,7327
DRIVCAV/cavity02,7327
DRIVCAV/cavity03,7327
DRIVCAV/cavity04,7327
DRIVCAV/cavity05,32747
DRIVCAV/cavity06,32747
DRIVCAV/cavity07,32747
DRIVCAV/cavity08,32747
DRIVCAV/cavity09,32747
DRIVCAV/cavity10,76367
DRIVCAV/cavity11,76367
DRIVCAV/cavity12,76367
DRIVCAV/cavity13,76367
DRIVCAV/cavity14,76367
DRIVCAV/cavity15,76367
DRIVCAV/cavity16,138187
DRIVCAV/cavity17,138187
DRIVCAV/cavity18,138187
DRIVCAV/cavity19,138187
DRIVCAV/cavity20,138187
DRIVCAV/cavity21,138187
DRIVCAV/cavity22,138187
DRIVCAV/cavity23,138187
DRIVCAV/cavity24,138187
DRIVCAV/cavity25,138187
DRIVCAV/cavity26,138187
Dattorro/EternityII_E,1503732
Dattorro/EternityII_Etilde,1170516
Dattorro/EternityII_A,782087
Davis/FX_March2010,301899
Dehghani/light_in_tissue,406084
Dziekonski/gsm_106857,11174185
Dziekonski/dielFilterV2clx,12958252
Dziekonski/dielFilterV2real,24848204
Dziekonski/dielFilterV3clx,16653308
Dziekonski/dielFilterV3real,45204422
Embree/ifiss_mat,3599932
Engwirda/airfoil_2d,259688
FEMLAB/ns3Da,1679599
FEMLAB/poisson2D,2417
FEMLAB/poisson3Da,352762
FEMLAB/poisson3Db,2374949
FEMLAB/problem1,2779
FEMLAB/sme3Da,874887
FEMLAB/sme3Db,2081063
FEMLAB/sme3Dc,3148656
FEMLAB/waveguide3D,303468
FIDAP/ex1,4352
FIDAP/ex10,28625
FIDAP/ex10hs,29928
FIDAP/ex11,1096948
FIDAP/ex12,42092
FIDAP/ex13,39098
FIDAP/ex14,35013
FIDAP/ex15,52769
FIDAP/ex18,71805
FIDAP/ex19,259879
FIDAP/ex2,13640
FIDAP/ex20,69981
FIDAP/ex21,19144
FIDAP/ex22,22715
FIDAP/ex23,43703
FIDAP/ex24,48737
FIDAP/ex25,24612
FIDAP/ex26,94033
FIDAP/ex27,40782
FIDAP/ex28,77781
FIDAP/ex29,23754
FIDAP/ex3,27253
FIDAP/ex31,115357
FIDAP/ex32,6251
FIDAP/ex33,11961
FIDAP/ex35,228208
FIDAP/ex36,53843
FIDAP/ex37,67591
FIDAP/ex4,16950
FIDAP/ex40,458012
FIDAP/ex5,153
FIDAP/ex6,49533
FIDAP/ex7,54543
FIDAP/ex8,106344
FIDAP/ex9,51417
Fluorem/DK01R,11766
Fluorem/GT01R,430909
Fluorem/PR02R,8185136
Fluorem/RM07R,37464962
Fluorem/HV15R,283073458
FreeFieldTechnologies/mono_500Hz,5036288
Freescale/FullChip,26621990
Freescale/Freescale2,23042677
Freescale/circuit5M,59524291
Freescale/circuit5M_dc,19194193
Freescale/nxp1,2656177
Freescale/transient,961790
Freescale/Freescale1,18920347
Freescale/memchip,14810202
GAP/GAP-twitter,1468364884
GAP/GAP-web,1930292948
GAP/GAP-road,28854312
GAP/GAP-kron,2111632322
GAP/GAP-urand,2147483370
GHS_indef/aug2d,38416
GHS_indef/aug2dc,40000
GHS_indef/aug3d,34992
GHS_indef/aug3dcqp,77829
GHS_indef/bmw3_2,5757996
GHS_indef/c-55,218115
GHS_indef/c-58,295076
GHS_indef/c-59,260909
GHS_indef/c-62ghs,300537
GHS_indef/c-63,239469
GHS_indef/c-68,315408
GHS_indef/c-69,345714
GHS_indef/c-70,363955
GHS_indef/c-71,468096
GHS_indef/c-72,395811
GHS_indef/copter2,407714
GHS_indef/d_pretok,885416
GHS_indef/darcy003,1167685
GHS_indef/dawson5,531157
GHS_indef/dtoc,34986
GHS_indef/exdata_1,1137751
GHS_indef/helm2d03,1567096
GHS_indef/helm3d01,230335
GHS_indef/k1_san,303364
GHS_indef/laser,5000
GHS_indef/mario001,114643
GHS_indef/mario002,1167685
GHS_indef/ncvxqp1,40537
GHS_indef/ncvxqp9,31547
GHS_indef/olesnik0,402623
GHS_indef/sit100,34094
GHS_indef/stokes128,295938
GHS_indef/stokes64,74242
GHS_indef/stokes64s,74242
GHS_indef/tuma1,50560
GHS_indef/tuma2,28440
GHS_indef/turon_m,912345
GHS_indef/a0nsdsil,200021
GHS_indef/a2nnsnsl,196115
GHS_indef/a5esindl,145004
GHS_indef/blockqp1,340022
GHS_indef/bloweya,80005
GHS_indef/boyd1,652246
GHS_indef/boyd2,890091
GHS_indef/brainpc2,96601
GHS_indef/bratu3d,88627
GHS_indef/cont-201,239596
GHS_indef/cont-300,539396
GHS_indef/dixmaanl,179999
GHS_indef/linverse,53988
GHS_indef/ncvxbqp1,199984
GHS_indef/ncvxqp3,274982
GHS_indef/ncvxqp5,237483
GHS_indef/ncvxqp7,312481
GHS_indef/sparsine,799494
GHS_indef/spmsrtls,129971
GHS_indef/bloweybl,70001
GHS_indef/bloweybq,39996
GHS_indef/cvxqp3,69981
GHS_indef/qpband,30000
GHS_psdef/audikw_1,39297771
GHS_psdef/bmw7st_1,3740507
GHS_psdef/bmwcra_1,5396386
GHS_psdef/copter1,114143
GHS_psdef/crankseg_1,5333507
GHS_psdef/crankseg_2,7106348
GHS_psdef/finance256,167936
GHS_psdef/ford1,60152
GHS_psdef/ford2,322442
GHS_psdef/hood,5494489
GHS_psdef/inline_1,18660027
GHS_psdef/ldoor,23737339
GHS_psdef/oilpan,1835470
GHS_psdef/opt1,973052
GHS_psdef/pds10,83108
GHS_psdef/ramage02,1441591
GHS_psdef/s3dkq4m2,2455670
GHS_psdef/s3dkt3m2,1921955
GHS_psdef/srb1,1508538
GHS_psdef/vanbody,1191985
GHS_psdef/wathen100,251001
GHS_psdef/wathen120,301101
GHS_psdef/cvxbqp1,199984
GHS_psdef/gridgena,280523
GHS_psdef/jnlbrng1,119600
GHS_psdef/minsurfo,122214
GHS_psdef/obstclae,118804
GHS_psdef/torsion1,118804
GHS_psdef/apache1,311492
GHS_psdef/apache2,2766523
GHS_psdef/copter2,407714
GHS_psdef/pwt,181313
Gaertner/big,91465
Gaertner/nopoly,40808
Gaertner/pesa,79566
Garon/garon1,88927
Garon/garon2,390607
GenBank/kmer_A2a,180292586
GenBank/kmer_P1a,148914992
GenBank/kmer_U1a,69389281
GenBank/kmer_V1r,232705452
GenBank/kmer_V2a,58608800
Gleich/wb-cs-stanford,36854
Gleich/wb-edu,57156537
Gleich/wikipedia-20051105,19753078
Gleich/wikipedia-20060925,37269096
Gleich/wikipedia-20061104,39383235
Gleich/wikipedia-20070206,45030389
Gleich/flickr,9837214
Gleich/minnesota,3303
Gleich/usroads-48,161950
Gleich/usroads,165435
Goodwin/goodwin,324784
Goodwin/rim,1014951
Goodwin/Goodwin_010,32282
Goodwin/Goodwin_013,56069
Goodwin/Goodwin_017,97773
Goodwin/Goodwin_023,182168
Goodwin/Goodwin_030,312814
Goodwin/Goodwin_040,561677
Goodwin/Goodwin_054,1030878
Goodwin/Goodwin_071,1797934
Goodwin/Goodwin_095,3226066
Goodwin/Goodwin_127,5778545
Graham/graham1,335504
Grueninger/windtunnel_evap2d,233468
Grueninger/windtunnel_evap3d,2730600
Grund/b1_ss,15
Grund/b2_ss,4228
Grund/b_dyn,4264
Grund/bayer01,277774
Grund/bayer02,63679
Grund/bayer03,56196
Grund/bayer04,159082
Grund/bayer05,27836
Grund/bayer06,27576
Grund/bayer07,27836
Grund/bayer08,27576
Grund/bayer09,21216
Grund/bayer10,94926
Grund/d_dyn,238
Grund/d_dyn1,238
Grund/d_ss,149
Grund/meg1,58142
Grund/meg4,26324
Grund/poli,8188
Grund/poli_large,33074
Grund/poli3,37849
Grund/poli4,73249
Gset/G1,19176
Gset/G10,19176
Gset/G11,1600
Gset/G12,1600
Gset/G13,1600
Gset/G14,4694
Gset/G15,4661
Gset/G16,4672
Gset/G17,4667
Gset/G18,4694
Gset/G19,4661
Gset/G2,19176
Gset/G20,4672
Gset/G21,4667
Gset/G22,19990
Gset/G23,19990
Gset/G24,19990
Gset/G25,19990
Gset/G26,19990
Gset/G27,19990
Gset/G28,19990
Gset/G3,19176
Gset/G30,19990
Gset/G31,19990
Gset/G32,4000
Gset/G33,4000
Gset/G34,4000
Gset/G35,11778
Gset/G36,11766
Gset/G37,11785
Gset/G38,11779
Gset/G39,11778
Gset/G4,19176
Gset/G40,11766
Gset/G41,11785
Gset/G42,11779
Gset/G43,9990
Gset/G44,9990
Gset/G45,9990
Gset/G46,9990
Gset/G47,9990
Gset/G48,6000
Gset/G49,6000
Gset/G5,19176
Gset/G50,6000
Gset/G51,5909
Gset/G52,5916
Gset/G53,5914
Gset/G54,5916
Gset/G55,12498
Gset/G56,12498
Gset/G57,10000
Gset/G58,29570
Gset/G59,29570
Gset/G6,19176
Gset/G60,17148
Gset/G61,17148
Gset/G62,14000
Gset/G63,41459
Gset/G64,41459
Gset/G65,16000
Gset/G66,18000
Gset/G67,20000
Gset/G7,19176
Gset/G8,19176
Gset/G9,19176
Gset/G29,19990
Guettel/TEM27623,233546
Guettel/TEM152078,3305702
Guettel/TEM181302,4010156
Gupta/gupta1,1098006
Gupta/gupta2,2155175
Gupta/gupta3,4670105
HB/1138_bus,2596
HB/494_bus,1080
HB/662_bus,1568
HB/685_bus,1967
HB/abb313,1557
HB/arc130,1282
HB/ash219,438
HB/ash292,1250
HB/ash331,662
HB/ash608,1216
HB/ash85,304
HB/ash958,1916
HB/bcspwr01,85
HB/bcspwr02,108
HB/bcspwr03,297
HB/bcspwr04,943
HB/bcspwr05,1033
HB/bcspwr06,3377
HB/bcspwr07,3718
HB/bcspwr08,3837
HB/bcspwr09,4117
HB/bcspwr10,13571
HB/bcsstk01,224
HB/bcsstk02,2211
HB/bcsstk03,376
HB/bcsstk04,1890
HB/bcsstk05,1288
HB/bcsstk06,4140
HB/bcsstk07,4140
HB/bcsstk08,7017
HB/bcsstk09,9760
HB/bcsstk10,11578
HB/bcsstk11,17857
HB/bcsstk12,17857
HB/bcsstk13,42943
HB/bcsstk14,32630
HB/bcsstk15,60882
HB/bcsstk16,147631
HB/bcsstk17,219812
HB/bcsstk18,80519
HB/bcsstk19,3835
HB/bcsstk20,1810
HB/bcsstk21,15100
HB/bcsstk22,417
HB/bcsstk23,24156
HB/bcsstk24,81736
HB/bcsstk25,133840
HB/bcsstk26,16129
HB/bcsstk27,28675
HB/bcsstk28,111717
HB/bp_0,3276
HB/bcsstk29,316740
HB/bcsstk30,1036208
HB/bcsstk31,608502
HB/bcsstk32,1029655
HB/bcsstk33,300321
HB/bcsstm01,48
HB/bcsstm02,66
HB/bcsstm03,112
HB/bcsstm04,132
HB/bcsstm05,153
HB/bcsstm06,420
HB/bcsstm07,3836
HB/bcsstm08,1074
HB/bcsstm09,1083
HB/bcsstm10,11589
HB/bcsstm11,1473
HB/bcsstm12,10566
HB/bcsstm13,11973
HB/bcsstm19,817
HB/bcsstm20,485
HB/bcsstm21,3600
HB/bcsstm22,138
HB/bcsstm23,3134
HB/bcsstm24,3562
HB/bcsstm25,15439
HB/bcsstm26,1922
HB/bcsstm27,28675
HB/beacxc,50409
HB/beaflw,53403
HB/beause,44551
HB/blckhole,8502
HB/bp_1000,4661
HB/bp_1200,4726
HB/bp_1400,4790
HB/bp_1600,4841
HB/bp_200,3802
HB/bp_400,4028
HB/bp_600,4172
HB/bp_800,4534
HB/can_1054,6625
HB/can_1072,6758
HB/can_144,720
HB/can_161,769
HB/can_187,839
HB/can_229,1003
HB/can_24,92
HB/can_256,1586
HB/can_268,1675
HB/can_292,1416
HB/can_445,2127
HB/can_61,309
HB/can_62,140
HB/can_634,3931
HB/can_715,3690
HB/can_73,225
HB/can_838,5424
HB/can_96,432
HB/curtis54,291
HB/dwt_1005,4813
HB/dwt_1007,4791
HB/dwt_1242,5834
HB/dwt_162,672
HB/dwt_193,1843
HB/dwt_198,795
HB/dwt_209,976
HB/dwt_221,925
HB/dwt_234,534
HB/dwt_245,853
HB/dwt_2680,13853
HB/dwt_307,1415
HB/dwt_310,1379
HB/dwt_346,1786
HB/dwt_361,1657
HB/dwt_419,1991
HB/dwt_492,1824
HB/dwt_503,3265
HB/dwt_512,2007
HB/dwt_59,163
HB/dwt_592,2848
HB/dwt_607,2869
HB/dwt_66,193
HB/dwt_72,147
HB/dwt_758,3376
HB/dwt_869,4077
HB/dwt_87,314
HB/dwt_878,4163
HB/dwt_918,4151
HB/dwt_992,8868
HB/eris1176,9864
HB/fs_183_1,1069
HB/fs_183_3,1069
HB/fs_183_4,1069
HB/fs_183_6,1069
HB/fs_541_1,4285
HB/fs_541_2,4285
HB/fs_541_3,4285
HB/fs_541_4,4285
HB/fs_680_1,2646
HB/fs_680_2,2646
HB/fs_680_3,2646
HB/fs_760_1,5976
HB/fs_760_2,5976
HB/fs_760_3,5976
HB/gemat1,47369
HB/gemat11,33185
HB/gemat12,33111
HB/gent113,655
HB/gr_30_30,4322
HB/gre_1107,5664
HB/gre_115,421
HB/gre_185,1005
HB/gre_216a,876
HB/gre_216b,876
HB/gre_343,1435
HB/gre_512,2192
HB/hor_131,4710
HB/ibm32,126
HB/illc1033,4732
HB/illc1850,8758
HB/impcol_a,572
HB/impcol_b,312
HB/impcol_c,411
HB/impcol_d,1339
HB/impcol_e,1308
HB/jagmesh1,3600
HB/jagmesh2,3937
HB/jagmesh3,4225
HB/jagmesh4,5472
HB/jagmesh5,4465
HB/jagmesh6,5185
HB/jagmesh7,4294
HB/jagmesh8,4303
HB/jagmesh9,5225
HB/jgl009,50
HB/jgl011,76
HB/jpwh_991,6027
HB/lns_131,536
HB/lns_3937,25407
HB/lns_511,2796
HB/lnsp3937,25407
HB/lnsp_131,536
HB/lnsp_511,2796
HB/lshp1009,3937
HB/lshp1270,4969
HB/lshp1561,6121
HB/lshp1882,7393
HB/lshp2233,8785
HB/lshp2614,10297
HB/lshp3025,11929
HB/lshp3466,13681
HB/lshp_265,1009
HB/lshp_406,1561
HB/lshp_577,2233
HB/lshp_778,3025
HB/lund_a,1298
HB/lund_b,1294
HB/mahindas,7682
HB/mbeacxc,49920
HB/mbeaflw,49920
HB/mbeause,41063
HB/mcca,2659
HB/mcfe,24382
HB/nnc1374,8606
HB/nnc261,1500
HB/nnc666,4044
HB/nos1,627
HB/nos2,2547
HB/nos3,8402
HB/nos4,347
HB/nos5,2820
HB/nos6,1965
HB/nos7,2673
HB/orani678,90158
HB/orsirr_1,6858
HB/orsirr_2,5970
HB/orsreg_1,14133
HB/plat1919,17159
HB/plat362,3074
HB/plsk1919,4831
HB/plskz362,880
HB/pores_1,180
HB/pores_2,9613
HB/pores_3,3474
HB/psmigr_1,543162
HB/psmigr_2,540022
HB/psmigr_3,543162
HB/rgg010,76
HB/saylr1,1128
HB/saylr3,2375
HB/saylr4,12940
HB/sherman1,2375
HB/sherman2,23094
HB/sherman3,20033
HB/sherman4,3786
HB/sherman5,20793
HB/shl_0,1687
HB/shl_200,1726
HB/shl_400,1712
HB/sstmodel,13047
HB/steam1,3762
HB/steam2,13760
HB/steam3,928
HB/str_0,2454
HB/str_200,3068
HB/str_400,3157
HB/str_600,3279
HB/watt_1,11360
HB/watt_2,11550
HB/well1033,4732
HB/well1850,8758
HB/west0067,294
HB/west0132,414
HB/west0156,371
HB/west0167,507
HB/west0381,2157
HB/west0479,1910
HB/west0497,1727
HB/west0655,2854
HB/west0989,3537
HB/west1505,5445
HB/west2021,7353
HB/will199,701
HB/will57,281
HB/wm1,2909
HB/wm2,2942
HB/wm3,2948
HB/young1c,4089
HB/young2c,4089
HB/young3c,3988
HB/young4c,4089
HB/zenios,15032
HB/cegb2802,140028
HB/cegb2919,162201
HB/cegb3024,41422
HB/cegb3306,39069
HB/lap_25,97
HB/lock1074,26313
HB/lock2232,41280
HB/lock3491,81930
HB/lock_700,11433
HB/man_5976,115464
HVDC/hvdc1,159981
HVDC/hvdc2,1347273
Hamm/add20,17319
Hamm/add32,23884
Hamm/bcircuit,375558
Hamm/hcircuit,513072
Hamm/memplus,126150
Hamm/scircuit,958936
Hamrle/Hamrle1,98
Hamrle/Hamrle2,22162
Hamrle/Hamrle3,5514242
Hardesty/Hardesty1,6539157
Hardesty/Hardesty2,4020731
Hardesty/Hardesty3,40451632
Harvard_Seismology/JP,13734559
Hohn/fd12,28462
Hohn/fd15,44206
Hohn/fd18,63406
Hohn/sinc12,294986
Hohn/sinc15,568526
Hohn/sinc18,973826
Hollinger/g7jac010,19635
Hollinger/g7jac010sc,19635
Hollinger/g7jac020,45465
Hollinger/g7jac020sc,45465
Hollinger/g7jac040,114671
Hollinger/g7jac040sc,114671
Hollinger/g7jac050sc,157990
Hollinger/g7jac060,203316
Hollinger/g7jac060sc,203316
Hollinger/g7jac080,293976
Hollinger/g7jac080sc,293976
Hollinger/g7jac100,384636
Hollinger/g7jac100sc,384636
Hollinger/g7jac120,475296
Hollinger/g7jac120sc,475296
Hollinger/g7jac140,565956
Hollinger/g7jac140sc,565956
Hollinger/g7jac160,656616
Hollinger/g7jac160sc,656616
Hollinger/g7jac180,747276
Hollinger/g7jac180sc,747276
Hollinger/g7jac200,837936
Hollinger/g7jac200sc,837936
Hollinger/jan99jac020,38692
Hollinger/jan99jac020sc,38692
Hollinger/jan99jac040,82842
Hollinger/jan99jac040sc,82842
Hollinger/jan99jac060,127182
Hollinger/jan99jac060sc,127182
Hollinger/jan99jac080,171522
Hollinger/jan99jac080sc,171522
Hollinger/jan99jac100,215862
Hollinger/jan99jac100sc,215862
Hollinger/jan99jac120,260202
Hollinger/jan99jac120sc,260202
Hollinger/mark3jac020,56175
Hollinger/mark3jac020sc,56175
Hollinger/mark3jac040,113435
Hollinger/mark3jac040sc,113435
Hollinger/mark3jac060,170695
Hollinger/mark3jac060sc,170695
Hollinger/mark3jac080,227955
Hollinger/mark3jac080sc,227955
Hollinger/mark3jac100,285215
Hollinger/mark3jac100sc,285215
Hollinger/mark3jac120,342475
Hollinger/mark3jac120sc,342475
Hollinger/mark3jac140,399735
Hollinger/mark3jac140sc,399735
